,Compound,Date,Negative,Neutral,Positive,Source,Text
0,0.0,03/28/2018,1.0,0.0,0.0,@BBCworld,Utah trooper hit by skidding car https://t.co/sgr0ZHWwX3
1,0.0,03/28/2018,1.0,0.0,0.0,@BBCworld,Kim in Beijing: Why Xi's still the one he needs to see https://t.co/PefHB8UprZ
2,0.128,03/28/2018,0.544,0.211,0.245,@BBCworld,Tr√®bes attack: Paris ceremony for hero policeman Arnaud Beltrame https://t.co/6naeoAd4HT
3,0.0,03/28/2018,1.0,0.0,0.0,@BBCworld,"Australia's indigenous languages have one source, study says https://t.co/7QoMFrTeBU"
4,0.0,03/28/2018,0.645,0.177,0.177,@BBCworld,Tesla and Nvidia shares fall amid driverless car doubts https://t.co/ZvAPiF6wgd
5,0.5719,03/28/2018,0.73,0.0,0.27,@BBCworld,Canada teen wins $1000 a week for life on 18th birthday https://t.co/NeTuIPmXby
6,-0.7783,03/28/2018,0.473,0.527,0.0,@BBCworld,Alton Sterling: No charges in 2016 fatal police shooting https://t.co/ahSn5LVRLc
7,0.0,03/28/2018,1.0,0.0,0.0,@BBCworld,N Korea's Kim Jong-un visits China's Xi https://t.co/SEc2LT35DA
8,0.4019,03/28/2018,0.881,0.0,0.119,@BBCworld,"RT @BBCNewsAsia: Definitely not something you see every day. üêò

A video of a 'smoking' wild elephant in India is baffling scientists and wi‚Ä¶"
9,-0.4019,03/28/2018,0.891,0.109,0.0,@BBCworld,"RT @BBCNewsAsia: Vietnamese singer and activist Mai Khoi has been detained in Hanoi on her return home from a European tour.

She was held‚Ä¶"
10,0.0,03/28/2018,1.0,0.0,0.0,@BBCworld,Letter from Africa: Will age be a factor in Zimbabwe's poll? https://t.co/4UunbFffbZ
11,-0.0772,03/28/2018,0.822,0.178,0.0,@BBCworld,The world's toughest place to study? https://t.co/JdkkQo8XtQ
12,0.0,03/28/2018,1.0,0.0,0.0,@BBCworld,Can the ad industry persuade us to eat more vegetables? https://t.co/Jtss2hwwHd
13,0.2732,03/28/2018,0.792,0.0,0.208,@BBCworld,5 pop songs you didn't know were about God https://t.co/lL4RlGDqWc
14,0.4404,03/28/2018,0.804,0.0,0.196,@BBCworld,Kim Jong-un's Beijing visit is considered a significant step in North Korea's preparation for talks agreed in princ‚Ä¶ https://t.co/eD7Xv8h709
15,0.5859,03/28/2018,0.817,0.0,0.183,@BBCworld,"@BBCBreaking North Korea's leader Kim Jong-un has visited Beijing and held ""successful talks"" with Chinese leader X‚Ä¶ https://t.co/bvNkLb8m89"
16,0.0,03/28/2018,1.0,0.0,0.0,@BBCworld,China confirms Kim Jong-un visit https://t.co/eRxfJKgLZc
17,-0.7841,03/28/2018,0.537,0.463,0.0,@BBCworld,Fired Vancouver waiter case: Are the French really rude? https://t.co/ETb72MasiY
18,0.5095,03/28/2018,0.798,0.0,0.202,@BBCworld,RT @BBCDanielS: BBC Exclusive interview with Sergei Skripal‚Äôs niece: ‚ÄúI would really like to know how they are‚Äù https://t.co/UQHT7fZv2y
19,0.0,03/28/2018,1.0,0.0,0.0,@BBCworld,"This 'smoking' elephant in India is baffling experts

https://t.co/4oBCX8OR7q https://t.co/5nVKiPNUZF"
20,-0.2516,03/28/2018,0.603,0.229,0.168,@BBCworld,Spy poisoning: 'I would really like to know how they are' https://t.co/6hK6i3Co1S
21,0.0,03/28/2018,1.0,0.0,0.0,@BBCworld,Brazilian sports reporters tackle on-air groping https://t.co/MOxFd4yreE
22,0.6705,03/28/2018,0.538,0.13,0.332,@BBCworld,"RT @BBCNews: Owl ring-bearer attacks best man at wedding... prompting hoots of laughter ü¶â

https://t.co/DjhjEdoYhy https://t.co/2x3bedxedn"
23,-0.25,03/28/2018,0.778,0.222,0.0,@BBCworld,Nearly a million watch cat stuck up pole https://t.co/aw9PbAliF3
24,-0.5106,03/28/2018,0.798,0.202,0.0,@BBCworld,"RT @BBCSport: Australia coach Darren Lehmann denied ball-tampering during the Ashes when questioned at Johannesburg airport by @danroan 

W‚Ä¶"
25,-0.4588,03/28/2018,0.857,0.143,0.0,@BBCworld,"RT @richard_conway: Sanctions announced against the three players within 24 hours by Cricket Australia. 
A nation is incensed, a Prime Mini‚Ä¶"
26,0.7964,03/28/2018,0.664,0.0,0.336,@BBCworld,"I want to apologise to ""kids who love cricket and idolise the players"" - Cricket Australia boss James Sutherland on‚Ä¶ https://t.co/evTGNOU23c"
27,0.2023,03/28/2018,0.913,0.0,0.087,@BBCworld,"RT @richard_conway: Smith, Bancroft and Warner said to be only players with knowledge of ball tampering intentions... significant words in‚Ä¶"
28,-0.34,03/28/2018,0.806,0.194,0.0,@BBCworld,Russia fire: Protester spoke on the phone to dying wife https://t.co/YDLIjNDGNg
29,0.0,03/28/2018,1.0,0.0,0.0,@BBCworld,"RT @bbctms: James Sutherland says only 3 people involved in ball tampering incident. 

Steve Smith, David Warner &amp; Cameron Bancroft. 

""Ser‚Ä¶"
30,0.0,03/28/2018,1.0,0.0,0.0,@BBCworld,RT @richard_conway: Full statement from Cricket Australia: https://t.co/GqIh4ynYtE
31,0.0,03/28/2018,1.0,0.0,0.0,@BBCworld,"Australia ball-tampering: Steve Smith, David Warner, Cameron Bancroft sent home https://t.co/gBTooWUkS4"
32,0.0,03/28/2018,1.0,0.0,0.0,@BBCworld,"RT @richard_conway: Cricket Australia to conduct review into conduct and culture of team.
Sanctions to be announced within 24 hours."
33,-0.0516,03/28/2018,0.938,0.062,0.0,@BBCworld,"RT @richard_conway: Breaking:
Cricket Australia say Steve Smith, David Warner, Cameron Bancroft to leave South Africa tomorrow.
Head coach‚Ä¶"
34,-0.3182,03/28/2018,0.723,0.277,0.0,@BBCworld,JWST: Hubble 'successor' faces new delay https://t.co/eXx0Vxqfb6
35,-0.296,03/28/2018,0.82,0.18,0.0,@BBCworld,France to lower school starting age from six to three https://t.co/Us998C0PsN
36,-0.4767,03/28/2018,0.721,0.279,0.0,@BBCworld,William Strampel: Michigan supervisor of Larry Nassar arrested https://t.co/1dROZkhAjO
37,-0.5719,03/28/2018,0.701,0.299,0.0,@BBCworld,Kemerovo fire: Who are the victims in the Russia leisure centre blaze? https://t.co/tX0BjbjBtL
38,0.5423,03/28/2018,0.759,0.0,0.241,@BBCworld,"RT @BBC_HaveYourSay: Chicago superior? The phenomenon of the media-savvy slam-dunk nun
https://t.co/p6WqsUEDY7"
39,-0.6808,03/28/2018,0.556,0.444,0.0,@BBCworld,Kemerovo fire damage seen from inside gutted mall https://t.co/O75q4RgqPx
40,0.0,03/28/2018,1.0,0.0,0.0,@BBCworld,"Twenty million Indians apply for 100,000 railway jobs https://t.co/DzmNwTG5wQ"
41,0.0,03/28/2018,1.0,0.0,0.0,@BBCworld,When is a diplomat really just a spy? https://t.co/b8C7t86gI5
42,0.0,03/28/2018,1.0,0.0,0.0,@BBCworld,Why bear cubs are spending longer with their mothers https://t.co/LabQd7LPk3
43,0.7906,03/28/2018,0.462,0.0,0.538,@BBCworld,US teen author wins Astrid Lindgren prize https://t.co/X7PfD88XPo
44,-0.3182,03/28/2018,0.723,0.277,0.0,@BBCworld,Argentine government mocked over heterosexuality tweet https://t.co/Ve8pBTidUa
45,0.5106,03/28/2018,0.852,0.0,0.148,@BBCworld,".@NATO is reducing the size of the Russian mission to the organisation, in a ""strong message"" to Moscow after Salis‚Ä¶ https://t.co/VKb4QKoy1a"
46,-0.7269,03/28/2018,0.496,0.504,0.0,@BBCworld,Kemerovo fire: Crowds direct fury at Putin https://t.co/kfzgKL64BQ
47,-0.3612,03/28/2018,0.688,0.192,0.12,@BBCworld,"RT @BBCNews: ""I was on my own. Just trying to do my best""

Rob Grew - who helped in the aftermath of the Manchester Arena attack last year‚Ä¶"
48,-0.5994,03/28/2018,0.849,0.151,0.0,@BBCworld,"It's 50 years since the death of Yuri Gagarin, the Russian cosmonaut who was the first man to travel into space üë®‚ÄçüöÄ https://t.co/DB917VJ2Fl"
49,-0.6808,03/28/2018,0.805,0.195,0.0,@BBCworld,"Saying goodbye to 'hell on earth'

After weeks of heavy bombardment thousands of people are being bussed from Easte‚Ä¶ https://t.co/2hpW6mVKE2"
50,-0.2023,03/28/2018,0.795,0.205,0.0,@BBCworld,Census 2020: US adds controversial citizenship question https://t.co/NZh16MUPM5
51,-0.743,03/28/2018,0.578,0.422,0.0,@BBCworld,Olivia de Havilland: Acting legend loses court battle over TV drama Feud https://t.co/TjsJ9zIHPc
52,0.0,03/28/2018,1.0,0.0,0.0,@BBCworld,This 98-year-old sports mascot nun is captivating Americans https://t.co/C6FSNOZQqi
53,0.0,03/28/2018,1.0,0.0,0.0,@BBCworld,Uber barred from resuming Arizona self-drive trial https://t.co/YTVM9Z0xbM
54,0.0,03/28/2018,1.0,0.0,0.0,@BBCworld,Mai Khoi: Vietnam detains activist singer after Europe tour https://t.co/x3ls91zSMd
55,0.0,03/28/2018,1.0,0.0,0.0,@BBCworld,Stephane Audran: French actress dies at 85 https://t.co/ojweEMIH5N
56,-0.5994,03/28/2018,0.606,0.394,0.0,@BBCworld,Eurovision-style scoring or new Cold War? https://t.co/uDPu5RHrFX
57,0.2023,03/28/2018,0.859,0.0,0.141,@BBCworld,A mountain lion goes for a casual prowl through some homes in California. ü¶Å https://t.co/iOXBdnaXRC
58,-0.6705,03/28/2018,0.792,0.208,0.0,@BBCworld,"RT @BBCBreaking: Fire crews were ""out of the loop"" and took two hours to attend after the Manchester Arena attack, a report says https://t.‚Ä¶"
59,0.4939,03/28/2018,0.758,0.0,0.242,@BBCworld,Nelson Mandela's golden hand casts sell for $10m in bitcoin https://t.co/4Pcaukiv2X
60,0.0,03/28/2018,1.0,0.0,0.0,@BBCworld,"RT @BBC_HaveYourSay: The debate online: Where were you for #BlackLivesMatter?
https://t.co/C8aCx0i91W"
61,0.0,03/28/2018,1.0,0.0,0.0,@BBCworld,"""Mad"" Mike Hughes flew his home-made rocket to try and 'prove' the earth is flat. üöÄüåé https://t.co/WSkHpfDAcc"
62,0.4767,03/28/2018,0.744,0.0,0.256,@BBCworld,Porn stars call for respect after spate of deaths https://t.co/fB8VVLFLBj
63,-0.1531,03/28/2018,0.862,0.138,0.0,@BBCworld,Air New Zealand calls for drone legislation after near miss https://t.co/z9xU80ZNdo
64,0.0,03/28/2018,1.0,0.0,0.0,@BBCworld,Tiangong-1: Chinese space station may hit Earth 'in days' https://t.co/gbl4e9CBvS
65,-0.2023,03/28/2018,0.847,0.153,0.0,@BBCworld,Keith Raniere: Leader of Nxivm group charged with sex trafficking https://t.co/9aDhP2YhUu
66,0.2023,03/28/2018,0.795,0.0,0.205,@BBCworld,Justin Trudeau apologises for Canada Tsilhqot'in hangings https://t.co/dCObSz45ZO
67,0.0,03/28/2018,1.0,0.0,0.0,@BBCworld,Finding closure in the Falkland Islands https://t.co/WqBmBCN1LU
68,-0.7003,03/28/2018,0.556,0.444,0.0,@BBCworld,Going from slavery to being a millionaire https://t.co/cDww32MCeT
69,0.0,03/28/2018,1.0,0.0,0.0,@BBCworld,'Smoking' elephant in India baffles experts https://t.co/ciP6a0gr2z
70,-0.7003,03/28/2018,0.508,0.492,0.0,@BBCworld,Russia Kemerovo fire: Putin cites 'criminal negligence' https://t.co/JcMnGFEUce
71,-0.2023,03/28/2018,0.859,0.141,0.0,@BBCworld,Mummy found in Egyptian coffin that was thought to be empty https://t.co/6pufGA6aHK
72,-0.4588,03/28/2018,0.412,0.345,0.242,@BBCworld,Asia stocks follow US shares up as trade war fears ease https://t.co/jbl00g4Yad
73,0.0,03/28/2018,1.0,0.0,0.0,@BBCworld,"Scientists in Australia have discovered the remains of a mummy in a 2,500-year-old coffin that was previously class‚Ä¶ https://t.co/rThVYjYHr9"
74,0.0,03/28/2018,1.0,0.0,0.0,@BBCworld,Mountain lion roams California backyards https://t.co/MdK4WoHdHJ
75,0.0,03/28/2018,1.0,0.0,0.0,@BBCworld,DR Congo: How one village massacre unfolded https://t.co/p6yOicjleI
76,0.0,03/28/2018,1.0,0.0,0.0,@BBCworld,Anthony Wong: Hong Kong actor finds brothers after BBC report https://t.co/nKdB4DUm7Z
77,0.0,03/28/2018,1.0,0.0,0.0,@BBCworld,Flat-Earther launches DIY rocket https://t.co/DUqeiDpE67
78,-0.7964,03/28/2018,0.53,0.47,0.0,@BBCworld,Spy poisoning: Australian PM condemns Russian 'recklessness' in UK https://t.co/KtbpyIfeqB
79,0.0,03/28/2018,1.0,0.0,0.0,@BBCworld,RT @BBCNewsAsia: Veteran Hong Kong actor Anthony Wong spent decades looking for the father who left him as child. https://t.co/f2WXL7vvfr‚Ä¶
80,-0.7184,03/28/2018,0.76,0.24,0.0,@BBCworld,"RT @BBCNewsAsia: Young women in South Korea are fighting for a new future. 

The #MeToo movement which has highlighted sexual harassment an‚Ä¶"
81,0.0,03/28/2018,1.0,0.0,0.0,@BBCworld,"RT @BBCNewsAsia: A train believed to be carrying a senior North Korean official has arrived in Beijing, Japanese media report.

Could it be‚Ä¶"
82,-0.6808,03/28/2018,0.635,0.365,0.0,@BBCworld,Eastern Ghouta: Saying goodbye to 'hell on earth' https://t.co/A0Q5B8v5Zv
83,-0.5994,03/28/2018,0.672,0.328,0.0,@BBCworld,Did Martin Luther King predict his own death? https://t.co/VcEoblW4OY
84,-0.0258,03/28/2018,0.629,0.189,0.182,@BBCworld,Lindi Ortega: 'Music helps me cope with body dysmorphic disorder' https://t.co/IiIj5TsiWg
85,0.0,03/28/2018,1.0,0.0,0.0,@BBCworld,"Linda Brown, centre of Brown v Board civil rights case, dies https://t.co/MunLzyWxC0"
86,-0.765,03/28/2018,0.577,0.423,0.0,@BBCworld,Cold War: How do Russia tensions compare to Soviet era? https://t.co/baUYyv2YvF
87,0.0,03/28/2018,1.0,0.0,0.0,@BBCworld,"Actor Anthony Wong finds family who never knew him, after BBC report https://t.co/74P0yJj51s"
88,-0.296,03/28/2018,0.804,0.196,0.0,@BBCworld,James Packer: Resignation puts focus on 'high-flier' mental health https://t.co/5hytkACnVu
89,-0.5423,03/28/2018,0.72,0.28,0.0,@BBCworld,Brazil's female sports reporters call time on sexual harassment https://t.co/AgJGTDXOiT
90,0.0,03/28/2018,1.0,0.0,0.0,@BBCworld,Yuri Gagarin: First man in space https://t.co/TgmvpPgK1N
91,-0.2263,03/28/2018,0.826,0.174,0.0,@BBCworld,DR Congo massacre: 'My daughter was slashed with a machete' https://t.co/78bzi0x7qp
92,0.0,03/28/2018,1.0,0.0,0.0,@BBCworld,RT @danroan: Here‚Äôs Cricket Australia ball-tampering investigators Iain Roy &amp; Pat Howard arriving at team‚Äôs luxury Cape Town hotel where pl‚Ä¶
93,-0.0191,03/28/2018,0.946,0.054,0.0,@BBCworld,"RT @BBCSport: 'It doesn't matter what they achieve in their careers, this Australia team will be remembered for cheating.' üëâ https://t.co/q‚Ä¶"
94,0.0,03/28/2018,1.0,0.0,0.0,@BBCworld,'North Korean train' in Beijing fuels rumours of Kim Jong-un visit https://t.co/iOWYdx3eTI
95,-0.4215,03/28/2018,0.763,0.237,0.0,@BBCworld,Stormy Daniels: White House 'strongly' denies Trump's alleged affair https://t.co/zUuenyOO0v
96,0.0,03/28/2018,1.0,0.0,0.0,@BBCworld,RT @BBCJonSopel: More than a Stormy in a tea cup - my blog on the #StormyDanielsInterview on #60 minutes  https://t.co/xGroTNbBCH
97,-0.4588,03/28/2018,0.87,0.13,0.0,@BBCworld,"RT @BBCJamesCook: The White House says the president doesn't believe that Stormy Daniels was threatened. Asked why not, his spokesman repli‚Ä¶"
98,0.0772,03/28/2018,0.579,0.198,0.223,@BBCworld,Kemerovo mall fire: How party turned into nightmare https://t.co/A4fz582Aau
99,-0.6908,03/28/2018,0.63,0.37,0.0,@BBCworld,"Paris murder of woman, 85, investigated as 'anti-Semitic' https://t.co/nWaZHYUKM9"
0,0.3818,03/28/2018,0.729,0.0,0.271,@CNN,Stunning photos capture Egypt's ancient underworld https://t.co/dGrCOQxEex https://t.co/AqKFFSZOCe
1,0.1779,03/28/2018,0.769,0.1,0.131,@CNN,"Heineken has pulled an ad with the tagline ""Sometimes lighter is better"" after critics slammed it as racist.‚Ä¶ https://t.co/cJ3fWyLp4y"
2,0.2732,03/28/2018,0.9,0.0,0.1,@CNN,"Former President Barack Obama says he aspires to create ""a million young Barack Obamas or Michelle Obamas"" who will‚Ä¶ https://t.co/1QpomqEwNc"
3,-0.2732,03/28/2018,0.89,0.11,0.0,@CNN,Apple co-founder Steve Jobs warned about privacy issues in tech at a conference in 2010. Facebook's Mark Zuckerberg‚Ä¶ https://t.co/z4A3NW8cBb
4,0.806,03/28/2018,0.697,0.0,0.303,@CNN,"""They didn't have to kill him like that. They didn't have to shoot him that many times."" The grandmother of Stephon‚Ä¶ https://t.co/4pvJGbpw9J"
5,-0.4404,03/28/2018,0.854,0.146,0.0,@CNN,"Facebook's stock has plunged 18% amid its data scandal, wiping out nearly $80 billion in market value‚Ä¶ https://t.co/qm59i14Pq0"
6,0.0,03/28/2018,1.0,0.0,0.0,@CNN,Democrats may already be 35% of the way to a House majority https://t.co/Ya3cFVnqud | Analysis by Harry Enten https://t.co/PKanQAjkpg
7,-0.34,03/28/2018,0.893,0.107,0.0,@CNN,England's health agency is warning parents to be aware of the signs and symptoms of scarlet fever as infections con‚Ä¶ https://t.co/vKJ6QOKqmv
8,-0.4522,03/28/2018,0.865,0.135,0.0,@CNN,Blue states are far more likely to lose money and power over Census citizenship question | Analysis by CNN's Harry‚Ä¶ https://t.co/13EWDxnd6X
9,-0.1531,03/28/2018,0.922,0.078,0.0,@CNN,"An Ohio fertility clinic says more than 4,000 eggs and embryos were affected by a freezer malfunction, double the n‚Ä¶ https://t.co/0EZ5F2Ua6p"
10,0.5574,03/28/2018,0.753,0.0,0.247,@CNN,"Wall Street bonuses soar 17% to an average of $184,200 https://t.co/qlOQGfehL8 https://t.co/1bw7FWYwwl"
11,0.0,03/28/2018,1.0,0.0,0.0,@CNN,"Waymo and Jaguar unveil a self-driving, electric SUV https://t.co/DTylJKCuML https://t.co/2aD3JXwfGM"
12,0.0,03/28/2018,1.0,0.0,0.0,@CNN,11 reasons (besides the NCAA Final Four) to visit San Antonio https://t.co/1YGqpmrZKz via @CNNTravel https://t.co/Vi45YehYXR
13,0.4939,03/28/2018,0.814,0.0,0.186,@CNN,Former Disney Channel star Caroline Sunshine is joining the White House press team https://t.co/rOYDj2tPs1 https://t.co/xamwbkWP7h
14,-0.296,03/28/2018,0.885,0.115,0.0,@CNN,"Walmart says it will stop selling Cosmopolitan magazine in checkout lines 

The National Center on Sexual Exploitat‚Ä¶ https://t.co/oJWSfJKGk2"
15,-0.5574,03/28/2018,0.795,0.205,0.0,@CNN,"Prince had a ""exceedingly high"" concentration of fentanyl in his body when he died https://t.co/xzXGWvrqky https://t.co/5CBfqJYBNs"
16,-0.1531,03/28/2018,0.922,0.078,0.0,@CNN,"An Ohio fertility clinic says more than 4,000 eggs and embryos were affected by a freezer malfunction, double the n‚Ä¶ https://t.co/2kUalNEtFo"
17,0.0,03/28/2018,1.0,0.0,0.0,@CNN,President Trump has privately floated the idea of funding construction of a border wall with Mexico through the US‚Ä¶ https://t.co/OVJnG1Arkl
18,-0.5267,03/28/2018,0.861,0.139,0.0,@CNN,"Sean Penn, who has done work in Haiti for years, says he felt ""deep hurt"" following the controversy over Pres. Trum‚Ä¶ https://t.co/jkTdsZtERk"
19,0.0,03/28/2018,1.0,0.0,0.0,@CNN,"Actor Sean Penn smoked a cigarette during an interview on ""The Late Show With Stephen Colbert,"" and viewers had a s‚Ä¶ https://t.co/DYMvSOouIc"
20,0.0,03/28/2018,1.0,0.0,0.0,@CNN,RT @CNNTonight: The White House defends President Trump's silence on allegations leveled against him by Stormy Daniels https://t.co/xPKWwph‚Ä¶
21,-0.7906,03/28/2018,0.708,0.292,0.0,@CNN,"Larry Nassar's former boss at Michigan State University used his power to sexually assault, harass, and solicit nud‚Ä¶ https://t.co/X7BiNzGTGV"
22,0.0,03/28/2018,1.0,0.0,0.0,@CNN,"RT @AC360: As his administration doubles down on building a border wall, President Trump suggests the US military may foot the bill https:/‚Ä¶"
23,0.2023,03/28/2018,0.843,0.0,0.157,@CNN,"Progressives, states and civil rights advocates are preparing a flurry of legal challenges to the Trump administrat‚Ä¶ https://t.co/COBpw3wtor"
24,-0.5267,03/28/2018,0.805,0.195,0.0,@CNN,How Russian President Vladimir Putin's arrogance handed UK Prime Minister Theresa May a diplomatic coup‚Ä¶ https://t.co/Nub4iViDPH
25,0.0258,03/28/2018,0.95,0.0,0.05,@CNN,Is bread crust more nutritious than its inner crumb? The variety you choose may matter more than whether you eat th‚Ä¶ https://t.co/clki6ZwPYZ
26,0.2732,03/28/2018,0.905,0.0,0.095,@CNN,"North Korean leader Kim Jong Un met with the China's Xi Jinping during a surprise trip to Beijing this week, state‚Ä¶ https://t.co/UHIZDKXeob"
27,0.0,03/28/2018,1.0,0.0,0.0,@CNN,"In Trump's world, once you check in, you rarely check out https://t.co/bHZg0WgmkX https://t.co/uWZA9cEJu8"
28,0.0,03/28/2018,1.0,0.0,0.0,@CNN,The children are Democrats' future | By Jesse Ferguson via @CNNOpinion https://t.co/xBaMfKTzhZ https://t.co/3iFNq6BHav
29,0.0772,03/28/2018,0.936,0.0,0.064,@CNN,FBI Director Christopher Wray said he is doubling the number of FBI personnel tasked with reviewing a large set of‚Ä¶ https://t.co/EJynfU7wlW
30,0.2023,03/28/2018,0.748,0.11,0.142,@CNN,"Attorney for brother of slain DNC staffer Seth Rich: Internet activists are spreading lies ""as far and wide"" as the‚Ä¶ https://t.co/XUbhZLGXtJ"
31,0.3182,03/28/2018,0.897,0.0,0.103,@CNN,Government ethics lawyers advised Ivanka Trump to make sure to keep her White House role separate as she planned to‚Ä¶ https://t.co/eeBfMRZNs5
32,0.4767,03/28/2018,0.693,0.0,0.307,@CNN,Michael Cohen ‚Äî President Trump's loyal fixer https://t.co/I3QjtsNaAZ https://t.co/vEdKQK669d
33,-0.2924,03/28/2018,0.873,0.127,0.0,@CNN,Is the White House Counsel's Office looking into Jared Kushner? The answer isn't clear. https://t.co/lbQxxFZlPX https://t.co/Fdas6E1nO6
34,-0.5267,03/28/2018,0.815,0.185,0.0,@CNN,"RT @AC360: Seth Rich's brother sues right-wing activists, Washington Times over conspiracy theories: @GaryTuchmanCNN reports https://t.co/1‚Ä¶"
35,0.2846,03/28/2018,0.893,0.0,0.107,@CNN,"Keeping Them Honest: The President sees himself as a ‚Äúcounter-puncher,‚Äù but when it comes to Stormy Daniels, all we‚Ä¶ https://t.co/i7sXcnh0mI"
36,0.0,03/28/2018,1.0,0.0,0.0,@CNN,The US needs to borrow almost $300 billion this week https://t.co/ZYuVjMl9H5 https://t.co/xqpI8iWojN
37,0.0,03/28/2018,1.0,0.0,0.0,@CNN,China raised eyebrows this month by announcing it will give the Economic Community of West African States a $31.6 m‚Ä¶ https://t.co/dgRkS4pNdV
38,0.0,03/28/2018,1.0,0.0,0.0,@CNN,RT @AC360: China confirms: Kim Jong Un made a visit to Beijing https://t.co/mCREpkhOLd https://t.co/qoCsm4ZYzD
39,0.0,03/28/2018,1.0,0.0,0.0,@CNN,"Former President George W. Bush may have retired his political penny loafers, but his dancing shoes? Those haven't‚Ä¶ https://t.co/K4DjLuftKI"
40,0.0,03/28/2018,1.0,0.0,0.0,@CNN,"""Tonight, the President, still uncharacteristically silent."" With the news dominated by stories of alleged affairs‚Ä¶ https://t.co/ywrY4xrHbh"
41,-0.8266,03/28/2018,0.662,0.338,0.0,@CNN,"After spending 23 years in prison for a crime he didn't commit, Nevest Coleman is back working as a groundskeeper f‚Ä¶ https://t.co/3wnuYj9ZXQ"
42,0.0,03/28/2018,1.0,0.0,0.0,@CNN,North Atlantic right whales may be on edge of extinction. There's been zero births this year.‚Ä¶ https://t.co/wkHa5e2fwD
43,0.2732,03/28/2018,0.792,0.0,0.208,@CNN,Presidential misspellings create a spike in dictionary searches https://t.co/clvvRb4A5j https://t.co/jChXBtd8qI
44,0.0,03/28/2018,1.0,0.0,0.0,@CNN,"President Trump has appointed to his cabinet several people who've served as conservative TV pundits, many on Fox N‚Ä¶ https://t.co/ENk3znOZj5"
45,0.2732,03/28/2018,0.9,0.0,0.1,@CNN,"Former President Barack Obama says he aspires to create ""a million young Barack Obamas or Michelle Obamas"" who will‚Ä¶ https://t.co/l7yBatqodJ"
46,0.3612,03/28/2018,0.737,0.097,0.166,@CNN,The brother of slain Democratic National Committee staffer Seth Rich is suing right-wing activists and the Washingt‚Ä¶ https://t.co/R4cs9PSQVQ
47,0.0,03/28/2018,1.0,0.0,0.0,@CNN,"Cops in Tempe, Arizona, now have AR-15s strapped to the back of their motorcycles https://t.co/olcEquajNB https://t.co/xGVdtixqVC"
48,0.0,03/28/2018,1.0,0.0,0.0,@CNN,"RT @OutFrontCNN: ""Tonight, the President, still uncharacteristically silent."" - Amid a news cycle dominated by stories of alleged affairs w‚Ä¶"
49,0.0,03/28/2018,1.0,0.0,0.0,@CNN,Three members of the Australian cricket team will be sent home from Johannesburg after admitting during a post-matc‚Ä¶ https://t.co/1UMvm0nLLv
50,0.3818,03/28/2018,0.729,0.0,0.271,@CNN,Stunning photos capture Egypt's ancient underworld https://t.co/bW90Z7OZ7o https://t.co/8abhSDTKEu
51,0.2732,03/28/2018,0.9,0.0,0.1,@CNN,"JUST IN: North Korea leader Kim Jong Un made a surprise two-day trip to Beijing, Chinese state media has confirmed‚Ä¶ https://t.co/IW7YZvzjLR"
52,0.1779,03/28/2018,0.769,0.1,0.131,@CNN,"Heineken has pulled an ad with the tagline ""Sometimes lighter is better"" after critics slammed it as racist.‚Ä¶ https://t.co/8LXiHLTqQH"
53,-0.7096,03/28/2018,0.67,0.33,0.0,@CNN,A new NYPD internal investigation criticizes the way the department handles sexual assaults https://t.co/UALy5XvuiA https://t.co/TNF0zTBLjm
54,0.806,03/28/2018,0.697,0.0,0.303,@CNN,"""They didn't have to kill him like that. They didn't have to shoot him that many times."" The grandmother of Stephon‚Ä¶ https://t.co/WqdgsJQJs6"
55,0.0,03/28/2018,1.0,0.0,0.0,@CNN,"Veterans Affairs Secretary David Shulkin appears to be on thin ice with the White House, but some major veterans gr‚Ä¶ https://t.co/Tz47JBpTW1"
56,0.2732,03/28/2018,0.9,0.0,0.1,@CNN,"Former President Barack Obama says he aspires to create ""a million young Barack Obamas or Michelle Obamas"" who will‚Ä¶ https://t.co/Dk8k01daZO"
57,0.4939,03/28/2018,0.814,0.0,0.186,@CNN,Former Disney Channel star Caroline Sunshine is joining the White House press team https://t.co/3kRTmq4lYC https://t.co/EyFCp1K3v3
58,-0.3182,03/28/2018,0.881,0.119,0.0,@CNN,"""The widespread prevalence of endometriosis ‚Äî and the lack of any long-term treatment options ‚Äî is nothing short of‚Ä¶ https://t.co/qygfw6aVFD"
59,0.5106,03/28/2018,0.864,0.0,0.136,@CNN,"RT @CNNSitRoom: An official with deep knowledge of North Korea told CNN there was a ""strong possibility"" that North Korean leader Kim Jong‚Ä¶"
60,0.0,03/28/2018,1.0,0.0,0.0,@CNN,Uber's self-driving permit in California goes until March 31 -- and the company said it will let the permit expire‚Ä¶ https://t.co/sJWdSR2uTu
61,-0.296,03/28/2018,0.879,0.121,0.0,@CNN,"RT @CNNOpinion: Learn from the Holocaust and stop the massacre in Syria, write @EvaMozesKor and @MhdAGhanem https://t.co/urdH6TeosD"
62,0.0,03/28/2018,1.0,0.0,0.0,@CNN,"The CEO of Waymo, the driverless car division of Google parent company Alphabet, said his company's driverless cars‚Ä¶ https://t.co/BSqPEppylZ"
63,-0.296,03/28/2018,0.833,0.167,0.0,@CNN,Some Aetna customers could see lower drug prices next year https://t.co/lYDhNfdyxU https://t.co/WFnbBn5HhA
64,-0.4215,03/28/2018,0.733,0.194,0.073,@CNN,"Don't be an April fool and miss out on what's streaming on Netflix, Hulu and Amazon Prime next month https://t.co/sf2jB37GxA"
65,-0.5267,03/28/2018,0.848,0.152,0.0,@CNN,An appeals court said Google violated copyright laws when it used Oracle's open-source Java software to build the A‚Ä¶ https://t.co/MEw6qBehlk
66,0.0,03/28/2018,1.0,0.0,0.0,@CNN,Researchers have detailed the structure and distribution of spaces in your body that they say represent a newfound‚Ä¶ https://t.co/QAaCP21k8T
67,0.0,03/28/2018,1.0,0.0,0.0,@CNN,The NFL and Nike just announced that they would be extending their partnership for another eight years https://t.co/bAROWhKLHg
68,-0.4767,03/28/2018,0.846,0.154,0.0,@CNN,"Six days after a ransomware attack shut down the City of Atlanta's online systems, officials are telling employees‚Ä¶ https://t.co/okyUlZFUM5"
69,-0.296,03/28/2018,0.872,0.128,0.0,@CNN,The census has always been a weapon of political power | Analysis by CNN's Gregory Krieg https://t.co/2eHizX8TE7 https://t.co/Cr6gCfy237
70,0.4019,03/28/2018,0.748,0.0,0.252,@CNN,"Steven Spielberg nixes Carl's Jr.'s ""SpielBurgers"" dreams https://t.co/iz5DyMTxUD https://t.co/K5Vu9d4yHm"
71,0.0,03/28/2018,1.0,0.0,0.0,@CNN,A former professional clown is running for Congress in South Carolina https://t.co/GMfVUgWMob https://t.co/pSpDLGTqgX
72,-0.7461,03/28/2018,0.716,0.284,0.0,@CNN,There's not a 'snowflake's chance in hell' of repealing the Second Amendment | Analysis by CNN's Z. Byron Wolf‚Ä¶ https://t.co/yzVur4ZfQ0
73,0.0,03/28/2018,1.0,0.0,0.0,@CNN,White House press secretary Sarah Sanders defended President Trump's silence on allegations leveled against him by‚Ä¶ https://t.co/oycTPyBTn1
74,0.7003,03/28/2018,0.702,0.0,0.298,@CNN,Secretary of Defense James Mattis on President Trump‚Äôs newly named national security adviser John Bolton: ‚ÄúI hope t‚Ä¶ https://t.co/WHpD4xHuTI
75,0.5106,03/28/2018,0.809,0.0,0.191,@CNN,Warren Buffett swooped in to rescue General Electric once. Could he do it again? https://t.co/0aW43nOaAa
76,0.0,03/28/2018,1.0,0.0,0.0,@CNN,Why the Trump administration's plan to put a citizenship question back on the US census is a big deal‚Ä¶ https://t.co/TD01oqVqva
77,-0.34,03/28/2018,0.893,0.107,0.0,@CNN,The US general in charge of the nation's nuclear arsenal has issued a stark warning that Russia and China are aggre‚Ä¶ https://t.co/wFSuV1etYq
78,0.046,03/28/2018,0.735,0.129,0.137,@CNN,Michael Phelps calls on the US Olympic Committee to do more to help athletes struggling with depression‚Ä¶ https://t.co/Y9pZFED1vl
79,0.4019,03/28/2018,0.876,0.0,0.124,@CNN,RT @CNNSitRoom: Most Americans say US President Trump isn't doing enough to cooperate with special counsel Robert Mueller's investigation i‚Ä¶
80,0.0,03/28/2018,1.0,0.0,0.0,@CNN,"Nearly two thirds of Americans approve of President Trump's plan to meet with North Korean leader Kim Jong Un, acco‚Ä¶ https://t.co/6I0Ao6SyVw"
81,0.128,03/28/2018,0.754,0.111,0.136,@CNN,"New CNN/SSRS poll: Should Robert Mueller be able to investigate Trump‚Äôs finances?
- Yes 67%
- No 28%‚Ä¶ https://t.co/Q8waAySeZj"
82,0.0258,03/28/2018,0.922,0.0,0.078,@CNN,"Hormone replacement may prevent belly fat in postmenopausal women, according to a new study https://t.co/fyYbOSWWfc"
83,0.4019,03/28/2018,0.856,0.0,0.144,@CNN,Most Americans say President Trump isn't doing enough to cooperate with special counsel Robert Mueller's investigat‚Ä¶ https://t.co/IzArFrCj0M
84,0.0,03/28/2018,1.0,0.0,0.0,@CNN,JUST IN: Nearly two thirds of Americans approve of President Trump's plan to meet with North Korean leader Kim Jong‚Ä¶ https://t.co/E8p8cpdLWD
85,-0.1531,03/28/2018,0.748,0.138,0.114,@CNN,"""Never mind that an undereducated population is bad for democracy -- it's good for the GOP, and so Republicans are‚Ä¶ https://t.co/eGgtXnaEP5"
86,0.0,03/28/2018,1.0,0.0,0.0,@CNN,Stormy Daniels' lawyer: Donald Trump isn‚Äôt speaking out about the affair allegations because ‚Äúmy client is telling‚Ä¶ https://t.co/UHS6v2Mc2c
87,0.0,03/28/2018,1.0,0.0,0.0,@CNN,The White House defends President Trump's silence on allegations leveled against him by Stormy Daniels‚Ä¶ https://t.co/GGtqrtq5lh
88,0.0,03/28/2018,1.0,0.0,0.0,@CNN,"The NRA insisted it did not use foreign funds for election-related purposes, even as the group acknowledged it acce‚Ä¶ https://t.co/wFcSX2AffF"
89,-0.34,03/28/2018,0.854,0.146,0.0,@CNN,Why dismissing Stormy Daniels' story would be a mistake | By Carol Costello via @CNNOpinion https://t.co/Rw77AFywo2 https://t.co/sPuNqi1TOF
90,-0.0258,03/28/2018,0.853,0.076,0.072,@CNN,"RT @TheLeadCNN: Rep. Lieu: I support US move to expel Russian diplomats, but we have a long way to go for the Trump Administration to ‚Äú[sto‚Ä¶"
91,-0.5423,03/28/2018,0.829,0.171,0.0,@CNN,"Tesla stock slid 8% following a string of bad news, including the NTSB's announcement that it's investigating a fat‚Ä¶ https://t.co/8v3hjShQv4"
92,-0.4404,03/28/2018,0.854,0.146,0.0,@CNN,"Facebook's stock has plunged 18% amid its data scandal, wiping out nearly $80 billion in market value‚Ä¶ https://t.co/Y7l6pDeZwJ"
93,0.3773,03/28/2018,0.856,0.044,0.1,@CNN,"RT @TheLeadCNN: Rep. Lieu: People need to have faith that the census data is accurate, ‚Äúand if you‚Äôre an immigrant, you might not want to t‚Ä¶"
94,0.0,03/28/2018,1.0,0.0,0.0,@CNN,"Israeli Prime Minister Benjamin Netanyahu hospitalized for a high fever and cough, his office says‚Ä¶ https://t.co/nobdnlqqEi"
95,0.0,03/28/2018,1.0,0.0,0.0,@CNN,"Nvidia is temporarily pausing its self-driving car tests on public roads a week after a car from Uber, which incorp‚Ä¶ https://t.co/VzWph7rVGz"
96,0.2755,03/28/2018,0.869,0.0,0.131,@CNN,"Secretary Zinke, we can't afford to ignore diversity | By Andre Perry via @CNNOpinion https://t.co/Z0mq8ZggbN https://t.co/npCcdgkRrl"
97,0.0,03/28/2018,1.0,0.0,0.0,@CNN,US Ambassador to the UN Nikki Haley on Russia: Their ‚Äúblatantly false narratives will not keep us from telling the‚Ä¶ https://t.co/FMnyi5lmL6
98,0.5667,03/28/2018,0.845,0.0,0.155,@CNN,"The Dow drops about 345 points, completely reversing a 244-point gain from early in the day, as tech stocks get cru‚Ä¶ https://t.co/dwEBWWjmkA"
99,0.5574,03/28/2018,0.714,0.0,0.286,@CNN,The US Supreme Court prepares for a right turn https://t.co/5XsbK13Nhx https://t.co/RS21gJQV4X
0,0.3818,03/28/2018,0.68,0.108,0.212,@CBS,Count on Entertainer Of The Year nominee @LukeBryanOnline to crash the party with an epic performance at the 53rd‚Ä¶ https://t.co/27ua60HTqu
1,0.296,03/28/2018,0.901,0.0,0.099,@CBS,Join @eltonofficial and some of today's hottest names in music when they take the stage to perform his most memorab‚Ä¶ https://t.co/jz0jaShZIj
2,0.508,03/28/2018,0.88,0.0,0.12,@CBS,"RT @ACMawards: The ACM for New Vocal Group of the Year goes to @MidlandOfficial! And yes, that really was @Reba on the phone! #ACMawards ht‚Ä¶"
3,0.0,03/28/2018,1.0,0.0,0.0,@CBS,"RT @ACMawards: In case you didn‚Äôt know, the ACM for New Male Vocalist of the Year goes to @BrettYoungMusic. Check out his reaction when @Re‚Ä¶"
4,0.7959,03/28/2018,0.786,0.0,0.214,@CBS,RT @ACMawards: Over the weekend @Reba called the ACM New Artist of the Year winners to let them know they had won! Let‚Äôs just say our New F‚Ä¶
5,0.807,03/28/2018,0.622,0.0,0.378,@CBS,"Congratulations to the 53rd #ACMawards New Artist winners @Lauren_Alaina, @MidlandOfficial, and @BrettYoungMusic! W‚Ä¶ https://t.co/Fr8H4arwGj"
6,0.0,03/28/2018,1.0,0.0,0.0,@CBS,New start times in East/Central Time Zones #60Minutes 7:35ET/6:35CT #Instinct  8:35ET/7:35CT #NCISLA 9:35ET/8:35CT‚Ä¶ https://t.co/8W5hAeLrvs
7,0.5319,03/28/2018,0.78,0.062,0.157,@CBS,Don‚Äôt miss a minute of the action. Stream the¬†Elite Eight¬Æ¬†games LIVE today starting at 2PM ET with a FREE trial of‚Ä¶ https://t.co/8NwU8HdiHR
8,0.5399,03/28/2018,0.801,0.0,0.199,@CBS,RT @MomCBS: That's a wrap on the #Mom panel at #PaleyFest! Thanks for following along! https://t.co/we4JgqPt6P
9,-0.34,03/28/2018,0.7,0.185,0.115,@CBS,RT @MomCBS: A fan just commented that #Mom helped bring him out of a deep depression. üíúüíúüíú #PaleyFest
10,0.7003,03/28/2018,0.791,0.0,0.209,@CBS,"RT @MomCBS: ""Go out for it anyway. If you're good for the role, you're good for the role."" @theJaimePressly's advice for aspiring actors wi‚Ä¶"
11,0.0,03/28/2018,1.0,0.0,0.0,@CBS,RT @MomCBS: Mom Co-Creator @GemmaRBaker just pointed out her own #Mom in the audience at #PaleyFest! üíú
12,0.0,03/28/2018,1.0,0.0,0.0,@CBS,"RT @MomCBS: ""I'm not someone in recovery who goes to AA, but I have taken so much away from it...to take one day at a time."" - @theJaimePre‚Ä¶"
13,0.7184,03/28/2018,0.667,0.0,0.333,@CBS,"RT @MomCBS: ""You get to appreciate working with such talented people."" - @AnnaKFaris #Mom #PaleyFest"
14,0.9451,03/28/2018,0.58,0.0,0.42,@CBS,RT @MomCBS: ‚ÄúI love this job. I love working with these women. I love working in front of the live audience‚Ä¶ It‚Äôs alive and it‚Äôs fun.‚Äù - @A‚Ä¶
15,0.0,03/28/2018,1.0,0.0,0.0,@CBS,"Get on your feet for @Jason_Aldean, @ThomasRhett, @ChrisStapleton, @KeithUrban, and @ChrisYoungMusic, the five nomi‚Ä¶ https://t.co/oT5ogjdj4x"
16,0.6996,03/28/2018,0.806,0.0,0.194,@CBS,Get ready for some sweet games! Stream #5 Clemson vs #1 Kansas LIVE at 7PM ET and #11 Syracuse vs #2 Duke LIVE at 9‚Ä¶ https://t.co/4WstgrKNnW
17,0.4939,03/28/2018,0.686,0.0,0.314,@CBS,RT @SEALTeamCBS: In honor of #NationalPuppyDay... üòç #SEALTeam https://t.co/4mIZPpiRlU
18,0.8997,03/28/2018,0.645,0.0,0.355,@CBS,"RT @HawaiiFive0CBS: Nothing like a man and his dog! üòçüê∂ Happy #NationalPuppyDay to Eddie, the best pup on the Five-0 Task Force! #H50 https:‚Ä¶"
19,0.0,03/28/2018,1.0,0.0,0.0,@CBS,Game on! 16 teams left and the race to the finish continues tonight. Stream #11 Loyola-Chicago vs #7 Nevada LIVE at‚Ä¶ https://t.co/W374rmzzoC
20,0.7081,03/28/2018,0.623,0.066,0.311,@CBS,Save the date! These are season finales you do NOT want to miss. RT if you're excited! https://t.co/UUQoWsPPSh https://t.co/cDl4WmxMtU
21,0.636,03/28/2018,0.802,0.0,0.198,@CBS,Congratulations to all of the @CBSDaytime nominees for the #DaytimeEmmys! See the full list of #DaytimeEmmy nominee‚Ä¶ https://t.co/ivJVJWvfsf
22,0.0,03/28/2018,1.0,0.0,0.0,@CBS,Female Vocalist Of The Year nominee @MarenMorris will show her fans how it‚Äôs done when she takes the stage to showc‚Ä¶ https://t.co/PITjmAoFT8
23,0.5106,03/28/2018,0.858,0.0,0.142,@CBS,The legendary @Reba returns to host the 53rd #ACMawards and she‚Äôs proving just how comfortable she is behind the mi‚Ä¶ https://t.co/XPXcSPRXqC
24,0.0,03/28/2018,1.0,0.0,0.0,@CBS,RT @nancyodell: Told my daughter I'd be presenting at @ACMawards again this year. (Woot woot!We both luv country music!)She took this pic o‚Ä¶
25,0.5562,03/28/2018,0.826,0.0,0.174,@CBS,RT @ladyantebellum: Ecstatic to announce we'll be performing at the #ACMawards in Las Vegas again this year! https://t.co/Qfhs94j6FR
26,0.0,03/28/2018,1.0,0.0,0.0,@CBS,"Country superstars @kennychesney, @ladyantebellum, @blakeshelton, and @KeithUrban have just been added to the stell‚Ä¶ https://t.co/bJ4If7MacP"
27,0.7845,03/28/2018,0.619,0.072,0.309,@CBS,"RT @YandR_CBS: Forever evolving, Forever inspiring, Forever Young and Restless. ‚ù§Ô∏è Get ready to celebrate 45 years of #YR starting in just‚Ä¶"
28,0.0,03/28/2018,1.0,0.0,0.0,@CBS,New start times in East/Central Time Zones: #60Minutes 7:37ET/6:37CT #Instinct series premiere 8:37ET/7:37CT‚Ä¶ https://t.co/xT3YKqmu2M
29,0.6514,03/28/2018,0.787,0.0,0.213,@CBS,Spend your Sunday streaming Second Round games LIVE with a FREE trial of CBS All Access! https://t.co/3P85rXLy4b https://t.co/zbWfirD9Ju
30,0.1867,03/28/2018,0.92,0.0,0.08,@CBS,"RT @instinctcbs: TONIGHT, Dr. Dylan Reinhart rewrites the book on abnormal behavior. Don't miss the premiere of #Instinct at 8/7c! https://‚Ä¶"
31,0.0,03/28/2018,1.0,0.0,0.0,@CBS,"If any duo knows how to rock the stage, it's @FLAGALine. The Vocal Duo Of The Year nominee will perform live at the‚Ä¶ https://t.co/FknabB8NQp"
32,0.6166,03/28/2018,0.839,0.0,0.161,@CBS,How is your bracket looking after last night? Stream Second Round games LIVE today with a FREE trial of CBS All Acc‚Ä¶ https://t.co/25JlIpgwog
33,0.7096,03/28/2018,0.753,0.0,0.247,@CBS,Where better to spend #StPatricksDay than the place everybody knows your name? It‚Äôs just your luck that every singl‚Ä¶ https://t.co/Fom5wmdENL
34,0.296,03/28/2018,0.896,0.0,0.104,@CBS,Stars @JakeMcDorman and Nik Dodani will join the cast in the upcoming revival of Murphy Brown coming to CBS.‚Ä¶ https://t.co/JCAx29lo0i
35,0.0,03/28/2018,1.0,0.0,0.0,@CBS,"RT @thegoodfight: Go behind the scenes with costume designer @DanLawsonStyle in ""Behind The Style,"" a new weekly video series all about the‚Ä¶"
36,0.6514,03/28/2018,0.822,0.0,0.178,@CBS,The games have just begun! Continue to stream First Round games LIVE today with a FREE trial of CBS All Access:‚Ä¶ https://t.co/YTGsJ48zYP
37,0.7088,03/28/2018,0.763,0.0,0.237,@CBS,"RT @TheTalkCBS: You asked, we answered! The fun never ends when the ladies #KeepTalking and answer your fan questions üó£üí¨‚û°Ô∏è https://t.co/ie1‚Ä¶"
38,-0.4939,03/28/2018,0.766,0.157,0.077,@CBS,RT @instinctcbs: Dr. Dylan Reinhart is lured back into the field from his life of quiet academia when a certain serial killer makes things‚Ä¶
39,0.6514,03/28/2018,0.806,0.0,0.194,@CBS,Stream First Round games LIVE today starting at 12PM ET with a FREE trial of CBS All Access! https://t.co/3P85rXLy4b https://t.co/vZow3YD8cb
40,0.6115,03/28/2018,0.734,0.0,0.266,@CBS,RT @CBSSports: It's the most wonderful time of the year. #MarchMadness https://t.co/e4c9qohqSR
41,0.6696,03/28/2018,0.781,0.0,0.219,@CBS,"Give these ladies some love! @Lauren_Alaina, @DBradbery, @carlypearce, and @RaeLynn are nominated for New Female Vo‚Ä¶ https://t.co/IVhwURfJ3S"
42,0.3612,03/28/2018,0.857,0.0,0.143,@CBS,"RT @ManWithAPlan: Hungry for more #ManWithAPlan bloopers and behind-the-scenes videos featuring cast like @matt_leblanc, @thelizasnyder, @k‚Ä¶"
43,0.539,03/28/2018,0.821,0.0,0.179,@CBS,"Music stars @MileyCyrus, @edsheeran, @ladygaga, and more will honor the legendary @eltonofficial and his hit songs‚Ä¶ https://t.co/UzxARCCLnI"
44,0.2244,03/28/2018,0.917,0.0,0.083,@CBS,RT @thegoodfight: The verdict is in. The new season of #TheGoodFight is üî•üî•üî•! Stream it now on CBS All Access: https://t.co/FkYSNSXlRb https‚Ä¶
45,0.0,03/28/2018,1.0,0.0,0.0,@CBS,"RT @MadamSecretary: In less than an hour, #MadamSecretary's Keith Carradine will be taking over the @MadamSecretary Twitter page! Tweet alo‚Ä¶"
46,0.4926,03/28/2018,0.883,0.0,0.117,@CBS,RT @DierksBentley: Take and post a photo of the woman in your life who inspires you daily! Use the hashtag #WomanAmenACM in your post for a‚Ä¶
47,0.1275,03/28/2018,0.795,0.092,0.113,@CBS,"RT @MomCBS: If you missed guest star @KChenoweth in the latest episode of #Mom, not to worry! Watch now: https://t.co/RlvXoGOZ0l https://t.‚Ä¶"
48,0.4215,03/28/2018,0.823,0.0,0.177,@CBS,"Give a round of applause to @KelseaBallerini, @MirandaLambert, @Reba, @MarenMorris, and @CarrieUnderwood, the five‚Ä¶ https://t.co/Ncp1BTXx6N"
49,0.8658,03/28/2018,0.553,0.0,0.447,@CBS,"RT @thegoodfight: Smart, sexy, and sophisticated. See what's coming this season on #TheGoodFight. https://t.co/CuKhx2G50P https://t.co/ygTI‚Ä¶"
50,0.0,03/28/2018,1.0,0.0,0.0,@CBS,RT @BlueBloods_CBS: Even stand-up guys fall down sometimes. #BlueBloods is new tonight at 10/9c! https://t.co/UOlDm22wWW
51,0.8625,03/28/2018,0.664,0.0,0.336,@CBS,Today and every day we celebrate the women in our lives who empower and inspire us. Share a story about an¬†influent‚Ä¶ https://t.co/9rVtqrElvT
52,0.4926,03/28/2018,0.868,0.0,0.132,@CBS,Take and post a photo of the woman in your life who inspires you daily! Use the hashtag #WomanAmenACM in your post‚Ä¶ https://t.co/7ShhvE48zy
53,-0.2023,03/28/2018,0.619,0.23,0.15,@CBS,"RT @thegoodfight: Meticulously constructed. Soapy &amp; sexy. Intoxicating, savage television. üî• Here's what critics are saying about #TheGoodF‚Ä¶"
54,0.0,03/28/2018,1.0,0.0,0.0,@CBS,"This just in! @Jason_Aldean, @mirandalambert, @LukeBryanOnline, and many more are set to perform at the 53rd Academ‚Ä¶ https://t.co/mfxw2VxzU4"
55,0.6705,03/28/2018,0.756,0.0,0.244,@CBS,"Meet the ensemble of talented actors slated to join $1, a new mystery series coming to CBS All Access:‚Ä¶ https://t.co/QoyYv7vxwg"
56,0.3818,03/28/2018,0.833,0.0,0.167,@CBS,"Will @Jason_Aldean, @garthbrooks, @LukeBryanOnline, @ChrisStapleton, or @KeithUrban be named Entertainer Of The Yea‚Ä¶ https://t.co/rMD8zjeX3s"
57,0.4404,03/28/2018,0.884,0.0,0.116,@CBS,"RT @thegoodfight: It feels good to be back. üë†üíÑüî• The season 2 premiere of #TheGoodFight is now streaming, exclusively on CBS All Access: htt‚Ä¶"
58,0.0,03/28/2018,1.0,0.0,0.0,@CBS,"RT @thegoodfight: Tomorrow, #TheGoodFight is back. Stream the season 2 premiere only on CBS All Access: https://t.co/tNFR8LBJO2 https://t.c‚Ä¶"
59,0.7096,03/28/2018,0.753,0.0,0.247,@CBS,"Who are the trailblazing women in your life that inspire you? Join CBS and the ANA's #SeeHer initiative, celebratin‚Ä¶ https://t.co/M0KqZ41Bes"
60,0.7096,03/28/2018,0.718,0.0,0.282,@CBS,"Join @maria_bello, @aishatyler and @TeaLeoni in celebrating the accomplishments of women who have contributed to th‚Ä¶ https://t.co/MefESBeFL3"
61,0.4939,03/28/2018,0.849,0.0,0.151,@CBS,"In honor of Women's History Month, CBS and the Association of National Advertisers' (ANA) #SeeHer initiative will p‚Ä¶ https://t.co/2wtYxKJVuO"
62,-0.6981,03/28/2018,0.79,0.21,0.0,@CBS,RT @ZoeListerJones: Tonight‚Äôs an all new Life In Pieces and it‚Äôs directed by my ride or die @nataliaanderson!!!‚Ä¶ https://t.co/2LPfmyLWrY
63,0.4547,03/28/2018,0.749,0.092,0.159,@CBS,"RT @MarenMorris: Hot damn! Woke up from my post-wisdom teeth haze to find out I‚Äôm up for 4 @ACMawards ! So honored, especially for the Dear‚Ä¶"
64,0.8591,03/28/2018,0.462,0.0,0.538,@CBS,RT @KelseaBallerini: Ohhhhh goodness. Incredible. Thank you thank you thank you. #female https://t.co/1ZTYjNfQeF
65,0.4885,03/28/2018,0.615,0.151,0.234,@CBS,RT @KeithUrban: ACMs...... HOLY SMOKES!!!!! MAD LOVE TO U ALL THIS MORNING  FOR THESE INCREDIBLE NOMINATIONS. I‚ÄôM EXTREMELY GRATEFUL!!!!!!!‚Ä¶
66,0.5994,03/28/2018,0.822,0.0,0.178,@CBS,"RT @ACMawards: Congratulations to this year‚Äôs #ACMawards Video of the Year nominees:
‚ÄúBlack‚Äù - @DierksBentley
‚ÄúIt Ain‚Äôt My Fault‚Äù - @Brothe‚Ä¶"
67,0.7717,03/28/2018,0.675,0.0,0.325,@CBS,"RT @ACMawards: Please give a round of applause to this year‚Äôs #ACMawards Entertainer of the Year nominees: @Jason_Aldean, @GarthBrooks, @Lu‚Ä¶"
68,0.6908,03/28/2018,0.725,0.0,0.275,@CBS,".@ChrisStapleton, @ThomasRhett, @mirandalambert and more are all nominated for awards at Country Music's Party of t‚Ä¶ https://t.co/Vm1vXRUDYJ"
69,0.0,03/28/2018,1.0,0.0,0.0,@CBS,"The Queen of Country, @Reba, is returning to host the 53rd #ACMawards on Sunday, April 15 at 8/7c. Here are a few o‚Ä¶ https://t.co/Iqzz6Gql01"
70,0.0,03/28/2018,1.0,0.0,0.0,@CBS,RT @survivorcbs: It‚Äôs time! #Survivor https://t.co/YPk6cGWrUA
71,0.0,03/28/2018,1.0,0.0,0.0,@CBS,"RT @CBSThisMorning: TOMORROW: The nominees for the 2018 @ACMawards will be announced live by the one-and-only, @Reba! 

Watch on @CBS in ou‚Ä¶"
72,0.4404,03/28/2018,0.884,0.0,0.116,@CBS,"RT @thegoodfight: From the set design and costumes to hair and makeup, the production quality is truly next-level. Take a peek inside the u‚Ä¶"
73,0.5562,03/28/2018,0.848,0.0,0.152,@CBS,RT @LivinBiblically: The fun continues on Facebook! The #LivingBiblically cast is live to talk about tonight‚Äôs premiere. Tune in here: http‚Ä¶
74,0.0,03/28/2018,1.0,0.0,0.0,@CBS,"RT @KevinCanWaitCBS: Can you get all the way through these #KevinCanWait bloopers without laughing?! @KevinJames,@LeahRemini and the rest o‚Ä¶"
75,0.0,03/28/2018,1.0,0.0,0.0,@CBS,"RT @ACMawards: That‚Äôs right! @Reba is headed to @CBSThisMorning on Thursday, March 1 to announce this year‚Äôs #ACMAwards' nominees. Tune in‚Ä¶"
76,0.4482,03/28/2018,0.895,0.0,0.105,@CBS,"RT @ScorpionCBS: You can't hack your way to a 197 IQ, but you are well on your way with these Genius Facts from #TeamScorpion! üíª You can be‚Ä¶"
77,0.784,03/28/2018,0.734,0.0,0.266,@CBS,RT @SuperiorDonuts: You can always count on @DavidKoechner for a laugh! Did your favorite Tush moment make the list? Catch a new #SuperiorD‚Ä¶
78,0.9359,03/28/2018,0.571,0.0,0.429,@CBS,RT @TheTalkCBS: TODAY: We loved them together then &amp; we love seeing them together now! Welcome back to the show @THESaraGilbert‚Äã's good fri‚Ä¶
79,-0.5423,03/28/2018,0.816,0.184,0.0,@CBS,"RT @thegoodfight: As foundations begin to crumble, our characters struggle to make sense of this new dystopian world. The cast teases what'‚Ä¶"
80,0.0,03/28/2018,1.0,0.0,0.0,@CBS,"#LivingBiblically's @linzkraft and @jrfergjr appeared on @KCBS's Facebook Live this morning, talking all about what‚Ä¶ https://t.co/4RebcHuuMQ"
81,0.0,03/28/2018,1.0,0.0,0.0,@CBS,"RT @CBSSports: Introducing CBS Sports HQ, a New 24/7 Direct-to-Consumer Streaming Network for Sports News, Highlights, &amp; Analysis.

Stream‚Ä¶"
82,0.7644,03/28/2018,0.769,0.0,0.231,@CBS,"RT @CBSBigBrother: It‚Äôs down to the final 5 celebrity Houseguests, and anyone could take home the grand prize! Tune in NOW to watch the #BB‚Ä¶"
83,0.0,03/28/2018,1.0,0.0,0.0,@CBS,RT @startrekcbs: Binge the entire first season of #StarTrekDiscovery. All episodes now streaming exclusively on CBS All Access: https://t.c‚Ä¶
84,0.0,03/28/2018,1.0,0.0,0.0,@CBS,"RT @thegoodfight: #TheGoodFight returns in 1 week. Season 2 premieres Sunday, March 4. https://t.co/nomCao1GWp https://t.co/BOn6bOe9Tb"
85,0.5093,03/28/2018,0.845,0.0,0.155,@CBS,RT @thegoodfight: This is our new favorite thing. Christine Baranski debuted #TheGoodFight the Musical on @colbertlateshow last night! üéµüé§‚Ä¶
86,0.0,03/28/2018,1.0,0.0,0.0,@CBS,"RT @LivinBiblically: Confession time: have YOU ever hit the ""close door"" button in an elevator while somebody was approaching? The cast of‚Ä¶"
87,0.0,03/28/2018,1.0,0.0,0.0,@CBS,RT @CBSEyeSpeak: Mark your calendars! #CBSEyeSpeak kicks off March 14 with The EYE Speak Summit. Follow our page for more details! https://‚Ä¶
88,0.6808,03/28/2018,0.752,0.0,0.248,@CBS,"RT @CBSEyeSpeak: Proud to announce a new CBS initiative, promoting female empowerment and developing the next generation of leaders through‚Ä¶"
89,0.4404,03/28/2018,0.884,0.0,0.116,@CBS,"RT @LivinBiblically: When you're living by the Bible, it's good to have a priest and a rabbi on call (provided they answer their phones, th‚Ä¶"
90,-0.4019,03/28/2018,0.881,0.119,0.0,@CBS,"RT @thegoodfight: Chicago lawyers are being hunted and the world is going insane. 

The new season of #TheGoodFight premieres Sunday, March‚Ä¶"
91,0.3612,03/28/2018,0.872,0.0,0.128,@CBS,Ready for some larger than life competition? This new series from @MarkBurnettTV will premiere in summer 2018.‚Ä¶ https://t.co/gDXHLdIJ5v
92,0.6124,03/28/2018,0.773,0.0,0.227,@CBS,"With tournament dreams on the line, make sure to stream these college basketball matchups on CBS All Access:‚Ä¶ https://t.co/SGkYUZrQWB"
93,0.3182,03/28/2018,0.892,0.0,0.108,@CBS,"RT @LivinBiblically: While Chip's sticking to the Bible's original rules, the cast of #LivingBiblically has given them a more modern makeov‚Ä¶"
94,0.68,03/28/2018,0.752,0.0,0.248,@CBS,"Casting News! Peter Mark Kendall, Michael Gaston, Greg Wise, Rade ≈†erbed≈æija, Zack Pearlman, and Keye Chen join the‚Ä¶ https://t.co/GFob2KrD8H"
95,0.8619,03/28/2018,0.534,0.0,0.466,@CBS,RT @BullCBS: The verdict is in...#Bull is the perfect Valentine! ‚ù§Ô∏è Happy #ValentinesDay! https://t.co/poEejI4AnC
96,0.0,03/28/2018,1.0,0.0,0.0,@CBS,"RT @NoActivityCBS: Car 27 reporting: Season 2 of #NoActivity coming soon!

Binge season one now on CBS All Access: https://t.co/yvxoQMeyhN‚Ä¶"
97,0.7506,03/28/2018,0.748,0.0,0.252,@CBS,"RT @LivinBiblically: Against all odds (and the advice of his God Squad), Chip is determined to live life by the Good Book. Think you could‚Ä¶"
98,0.0,03/28/2018,1.0,0.0,0.0,@CBS,RT @thegoodfight: Christine Baranski reflects upon the spectacular metamorphosis of her character in #TheGoodFight's first season. Revisit‚Ä¶
99,0.0,03/28/2018,1.0,0.0,0.0,@CBS,RT @startrekcbs: Binge the entire first season of #StarTrekDiscovery. All 15 episodes now streaming on CBS All Access: https://t.co/lKLaptP‚Ä¶
0,0.0,03/28/2018,1.0,0.0,0.0,@FoxNews,.@LindseyGrahamSC on dealing with North Korea: ‚ÄúWe‚Äôve tried it the Jimmy Carter way for about 30 years. Let‚Äôs try i‚Ä¶ https://t.co/N0U5OcrIJ7
1,-0.5423,03/28/2018,0.774,0.226,0.0,@FoxNews,"Veteran kills himself in St. Louis VA hospital waiting room, report says https://t.co/dhJledu3EH"
2,-0.7579,03/28/2018,0.723,0.277,0.0,@FoxNews,.@cvpayne: ‚ÄúWe‚Äôve been in a trade war with China for a very long time‚Ä¶ and we have been losing mightily.‚Äù https://t.co/7mIzoOvo3o
3,-0.743,03/28/2018,0.521,0.342,0.137,@FoxNews,"""It is a tragedy.""

Sandy Best, sister of a woman killed by an illegal immigrant who was drunk driving, speaks out.‚Ä¶ https://t.co/xru7EGV5CA"
4,0.0,03/28/2018,1.0,0.0,0.0,@FoxNews,"Shawn Nelson, Orange County Supervisor, on sanctuary status: ‚ÄúIt is unconstitutional.‚Äù https://t.co/Wm0g8elAio"
5,-0.8885,03/28/2018,0.488,0.512,0.0,@FoxNews,Illegal immigrant Luis Bracamontes gets death penalty for slaying 2 California sheriff's deputies https://t.co/t08Kd4PUbq
6,0.5413,03/28/2018,0.837,0.0,0.163,@FoxNews,"Political analyst Ron Meyer: ""Democrats really care about getting services to people who are here illegally more th‚Ä¶ https://t.co/MN2bnL0FXx"
7,0.2023,03/28/2018,0.728,0.117,0.155,@FoxNews,An American flag flies from a Westhampton Beach Fire Department ladder following a dignified arrival of the repatri‚Ä¶ https://t.co/ltur5AVBv8
8,-0.7003,03/28/2018,0.5,0.383,0.117,@FoxNews,Vegas police say 5 arrests in MS-13 case solves 10 murders https://t.co/d9QfRG2Zpm https://t.co/GV7NWP48jA
9,0.0,03/28/2018,1.0,0.0,0.0,@FoxNews,".@TomiLahren: ‚ÄúThe wall is common sense. The left has dominated this conversation, and they‚Äôve made the wall some k‚Ä¶ https://t.co/EQB0LdVwQ0"
10,-0.128,03/28/2018,0.927,0.073,0.0,@FoxNews,This baby orangutan at the Phoenix Zoo got a front-row seat when a young boy began performing tricks with his yo-yo. https://t.co/TlX7RStMvx
11,-0.7783,03/28/2018,0.57,0.43,0.0,@FoxNews,Funeral plans set for Iowa family found dead in Mexico https://t.co/VERjFXZRhk
12,0.3818,03/28/2018,0.874,0.0,0.126,@FoxNews,.@JohnJamesMI: ‚ÄúDonald #Trump is delivering on his promises and the people in the state of Michigan are benefiting‚Ä¶ https://t.co/DpM9blM1m3
13,0.4019,03/28/2018,0.828,0.0,0.172,@FoxNews,Elizabeth Smart claims in new book her kidnapper tried to abduct another girl https://t.co/JhZBVDzVLt
14,0.4576,03/28/2018,0.85,0.0,0.15,@FoxNews,"George Rodriguez: ""Democrats are more interested in sanctuary cities and protecting people that enter the country i‚Ä¶ https://t.co/ErlddWXyvm"
15,-0.5106,03/28/2018,0.845,0.155,0.0,@FoxNews,New York Magazine reporter doubles down as outrage grows over alleged home invasion of Corey Lewandowski‚Äôs DC crash‚Ä¶ https://t.co/LwODxt8F6Z
16,0.0,03/28/2018,1.0,0.0,0.0,@FoxNews,Dad holds ‚ÄúSay No‚Äù sign during proposal https://t.co/OJOXoWr9Hf
17,-0.7003,03/28/2018,0.655,0.345,0.0,@FoxNews,"Auto crash at Oakland airport injures 2; unlicensed driver arrested, police say https://t.co/Nfmbv1Yvd1"
18,0.0,03/28/2018,1.0,0.0,0.0,@FoxNews,"""Live a purposeful life.""

99-year-old WWII vet Sidney Walton and his son Paul are on a cross-country tour to meet‚Ä¶ https://t.co/Hvq273kSzw"
19,-0.2263,03/28/2018,0.863,0.137,0.0,@FoxNews,"Protesters for Stephon Clark disrupt Sacramento City Council meeting, march to arena https://t.co/YkP3Zbj1au"
20,-0.5423,03/28/2018,0.857,0.143,0.0,@FoxNews,"""The ones that are bad need to be weeded out.""

American who escaped Al Qaeda captivity says @FBI, under Mueller an‚Ä¶ https://t.co/1f20Ml9oDd"
21,0.6124,03/28/2018,0.778,0.0,0.222,@FoxNews,.@RepKinzinger: ‚Äú[President @realDonaldTrump‚Äôs] actions have been outstanding up to this point. He‚Äôs been probably‚Ä¶ https://t.co/3ZkMEuYqlF
22,-0.5574,03/28/2018,0.854,0.146,0.0,@FoxNews,Capri Cafaro on proposed legislation that would ban work email after hours in NYC: ‚ÄúThis is not part of American cu‚Ä¶ https://t.co/Q1geHLagLU
23,-0.5574,03/28/2018,0.783,0.217,0.0,@FoxNews,"FBI boss Wray 'doubling' agents responding to subpoena on Clinton, McCabe, FISA abuses https://t.co/dYwvae0Gjj"
24,-0.6514,03/28/2018,0.761,0.239,0.0,@FoxNews,"Shawn Nelson, Orange County supervisor on California: ‚ÄúIt‚Äôs time to end this nonsense, and stop being a breakaway r‚Ä¶ https://t.co/4k3IXQeVYi"
25,-0.5574,03/28/2018,0.825,0.175,0.0,@FoxNews,Senator Jim Inhofe will introduce bill that would send illegal border crossers immediately back to home country https://t.co/fNDmf1SRf9
26,-0.5994,03/28/2018,0.755,0.245,0.0,@FoxNews,".@MonicaCrowley: ""The left has long been at war with the Constitution."" @IngrahamAngle https://t.co/aRMZlVg2Ji"
27,-0.296,03/28/2018,0.845,0.155,0.0,@FoxNews,Harvey Weinstein's former assistant claims she tried to stop him in 1998 https://t.co/0i8gLOn6Vt
28,-0.3818,03/28/2018,0.822,0.178,0.0,@FoxNews,"Orange County votes to fight California's sanctuary city laws, joining sheriff's pushback https://t.co/H4moAuUf6J"
29,-0.743,03/28/2018,0.521,0.342,0.137,@FoxNews,"""It is a tragedy.""

Sandy Best, sister of a woman killed by an illegal immigrant who was drunk driving, speaks out.‚Ä¶ https://t.co/TeHZTTEQAO"
30,-0.8885,03/28/2018,0.462,0.538,0.0,@FoxNews,"Illegal immigrant who tortured dog gets prison time, to be deported https://t.co/pko5ae1c7c"
31,0.0,03/28/2018,1.0,0.0,0.0,@FoxNews,Kansas considers making schools liable for not arming staff https://t.co/3mbhnz8n7T
32,0.7906,03/28/2018,0.696,0.0,0.304,@FoxNews,.@JesseBWatters on former Supreme Court justice who called for repealing the 2nd Amendment: ‚ÄúThis is a slippery slo‚Ä¶ https://t.co/774MeSLA9A
33,0.0,03/28/2018,1.0,0.0,0.0,@FoxNews,".@TomiLahren: ‚ÄúThe wall is common sense. The left has dominated this conversation, and they‚Äôve made the wall some k‚Ä¶ https://t.co/KiRDOM5rZN"
34,0.4404,03/28/2018,0.552,0.159,0.29,@FoxNews,"Owl gets loose at wedding, leaves best man 'terrified' https://t.co/FRyLScDdUA"
35,-0.2212,03/28/2018,0.901,0.099,0.0,@FoxNews,.@dbongino: ‚ÄúYou don‚Äôt enact a law for the purpose of absolutely black-and-white stopping an activity. You make it‚Ä¶ https://t.co/HQlaF971Me
36,0.7351,03/28/2018,0.64,0.0,0.36,@FoxNews,".@candacecbure credits Jesus and the Bible for her happy, 22-year marriage https://t.co/0yGdWqlzPD https://t.co/Mz6DFjVq62"
37,-0.7579,03/28/2018,0.606,0.394,0.0,@FoxNews,Al Sharpton's half brother charged with capital murder in Alabama shooting https://t.co/mmEopztFIb
38,0.2732,03/28/2018,0.851,0.0,0.149,@FoxNews,'Roseanne' Is Now a Big #Trump Supporter in Reboot of Hit 1990s Sitcom https://t.co/dqClNtgxD2
39,0.0,03/28/2018,1.0,0.0,0.0,@FoxNews,OPINION: #Trump is right -- California is out of control https://t.co/WY1OICe9P5
40,-0.3818,03/28/2018,0.822,0.178,0.0,@FoxNews,"Orange County votes to fight California's sanctuary city laws, joining sheriff's pushback https://t.co/mXpvYoNZRa"
41,-0.4215,03/28/2018,0.811,0.189,0.0,@FoxNews,HAVING A 'RUFF' TIME: Does Charlie look guilty of getting into the trash? https://t.co/VE5XpXOktM
42,0.0,03/28/2018,1.0,0.0,0.0,@FoxNews,"Kim Jong Un meets with Chinese leader on 'unofficial visit,' state media says https://t.co/l36PkMXVE3"
43,0.4019,03/28/2018,0.87,0.0,0.13,@FoxNews,Orange County Sheriff Sandra Hutchens on her dept. publishing a ‚Äúwho‚Äôs in jail‚Äù database to help cooperation with I‚Ä¶ https://t.co/z4dp6M6lu5
44,0.4404,03/28/2018,0.847,0.0,0.153,@FoxNews,.@Harvard psychologist @sapinker explains how the world is moving in a better direction in a variety of ways‚Ä¶ https://t.co/S6N0OicAkb
45,-0.4151,03/28/2018,0.743,0.165,0.092,@FoxNews,"EXCLUSIVE: Matthew Schrier, the American who escaped Al Qaeda, and says FBI under Mueller &amp; Comey, betrayed him, te‚Ä¶ https://t.co/iVOQhcEitR"
46,0.2263,03/28/2018,0.899,0.0,0.101,@FoxNews,Oklahoma Senator @JimInhofe says he plans to introduce legislation that would allow immigration agents to send thos‚Ä¶ https://t.co/Yjgr7WnVVh
47,0.7655,03/28/2018,0.625,0.062,0.313,@FoxNews,.@MZHemingway on retired Supreme Court justice calling for repealing 2nd Amendment: ‚ÄúIt‚Äôs absolutely chilling to se‚Ä¶ https://t.co/l2xCyd4wKG
48,-0.4215,03/28/2018,0.859,0.141,0.0,@FoxNews,".@TheJuanWilliams on 2020 census asking respondents if they are U.S. citizens: ‚ÄúIt will, in fact, discourage people‚Ä¶ https://t.co/qHXSzvx0bo"
49,-0.4939,03/28/2018,0.849,0.151,0.0,@FoxNews,.@LindseyGrahamSC: ‚ÄúWe need that $650 billion to repair the damage done during the Obama administration to our mili‚Ä¶ https://t.co/Q6b3ivubWL
50,0.0,03/28/2018,1.0,0.0,0.0,@FoxNews,.@LindseyGrahamSC on dealing with North Korea: ‚ÄúWe‚Äôve tried it the Jimmy Carter way for about 30 years. Let‚Äôs try i‚Ä¶ https://t.co/cZsqGvpOKr
51,0.0,03/28/2018,1.0,0.0,0.0,@FoxNews,US Olympians who plan to skip White House visit https://t.co/YpsyVsFvAs
52,-0.6808,03/28/2018,0.663,0.337,0.0,@FoxNews,Man arrested in connection to suspicious packages found at DC-area military bases https://t.co/KrkVVLyIMy
53,0.4019,03/28/2018,0.816,0.0,0.184,@FoxNews,'Gator King' uses live alligator for gender reveal party in viral video https://t.co/dJKjDmHqzG
54,0.7906,03/28/2018,0.588,0.0,0.412,@FoxNews,Retired Supreme Court Justice Stevens says Second Amendment should be repealed https://t.co/jVAjREXcMQ
55,-0.4588,03/28/2018,0.85,0.15,0.0,@FoxNews,OPINION: Sexism didn‚Äôt defeat @HillaryClinton -- Wild untruths about emails are why she's not Madam President (via‚Ä¶ https://t.co/6iCEC5WeFc
56,-0.891,03/28/2018,0.43,0.57,0.0,@FoxNews,Twice-deported illegal immigrant accused of raping young girl in Oregon https://t.co/3dGxykyEGg
57,-0.5423,03/28/2018,0.419,0.408,0.173,@FoxNews,Rocker who survived Paris attack says gun control marchers 'exploiting' victims https://t.co/3OzG9OzYnT
58,0.7906,03/28/2018,0.696,0.0,0.304,@FoxNews,.@JesseBWatters on former Supreme Court justice who called for repealing the 2nd Amendment: ‚ÄúThis is a slippery slo‚Ä¶ https://t.co/kx7rkidaqa
59,0.0,03/28/2018,1.0,0.0,0.0,@FoxNews,.@ElizSmart claims in new book her kidnapper tried to abduct another girl https://t.co/p63MuLdRDL
60,-0.4767,03/28/2018,0.721,0.279,0.0,@FoxNews,".@netanyahu hospitalized after suffering from fever, cough: officials https://t.co/VZ22Pq6DwO"
61,0.0,03/28/2018,1.0,0.0,0.0,@FoxNews,".@TheJuanWilliams: ‚ÄúI think people have a right, and the sheriffs and the folks in Orange County have a right to sa‚Ä¶ https://t.co/hdHEaUS5EB"
62,-0.6705,03/28/2018,0.718,0.282,0.0,@FoxNews,"North Carolina boy, 13, suspended after drawing stick figures holding a gun and knives, report says https://t.co/AvvvaxgGqh"
63,0.1531,03/28/2018,0.758,0.106,0.136,@FoxNews,Manafort seeks dismissal of special counsel charges; lawyers say Mueller isn't investigating him for collusion - vi‚Ä¶ https://t.co/K25oq3RL9U
64,0.0,03/28/2018,1.0,0.0,0.0,@FoxNews,.@MittRomney says he is more conservative on immigration than #Trump https://t.co/uPMV34tEYt
65,-0.5574,03/28/2018,0.816,0.184,0.0,@FoxNews,Senator @JimInhofe will introduce bill that would send illegal border crossers immediately back to home country https://t.co/fNDmf1SRf9
66,-0.34,03/28/2018,0.882,0.118,0.0,@FoxNews,"Kentucky teen used money mom gave him for tattoo to buy AR-15 to shoot up school, police say https://t.co/wljhdqrOEw"
67,0.0,03/28/2018,1.0,0.0,0.0,@FoxNews,"RT @FoxBusiness: AT THE CLOSE: Stocks reversed course and posted red ink Tuesday, with the Dow Jones Industrial Average plunging more than‚Ä¶"
68,-0.4419,03/28/2018,0.611,0.267,0.122,@FoxNews,2 officers in Alton Sterling's fatal shooting won't be charged https://t.co/j8oVmnIiDn
69,-0.296,03/28/2018,0.901,0.099,0.0,@FoxNews,RT @FoxBusiness: .@VP Mike Pence delivers remarks at an America First Policies: ‚ÄúTax Cuts to Put America First‚Äù event. [Courtesy: KXJB/Farg‚Ä¶
70,0.4019,03/28/2018,0.787,0.0,0.213,@FoxNews,Vegas-bound plane diverted after bachelor party gets into midflight brawl https://t.co/gjBr27zs4r
71,0.0,03/28/2018,1.0,0.0,0.0,@FoxNews,OPINION: #Trump is right -- California is out of control https://t.co/SBzqnBJeGF
72,-0.7579,03/28/2018,0.606,0.394,0.0,@FoxNews,Al Sharpton's half brother charged with capital murder in Alabama shooting https://t.co/aoZDlVtvwc
73,0.0,03/28/2018,1.0,0.0,0.0,@FoxNews,RT @FoxBusiness: #BreakingNews: Israeli Prime Minister @netanyahu has been taken to the hospital for examination. https://t.co/UQYgVHIbfx
74,0.0,03/28/2018,1.0,0.0,0.0,@FoxNews,Former Army major tells of his efforts to halt use of hazardous burn pits at Iraq military base https://t.co/4bjUtfEEkB
75,0.0,03/28/2018,1.0,0.0,0.0,@FoxNews,Facebook thinks it knows whether you're liberal or conservative: Here's how to find out https://t.co/0G6hHJBJzx
76,0.3182,03/28/2018,0.881,0.0,0.119,@FoxNews,.@PressSec: ‚ÄúThe president‚Äôs priority is going to be protecting American workers and making sure that there‚Äôs a goo‚Ä¶ https://t.co/krHX4q7Xl9
77,0.4576,03/28/2018,0.8,0.0,0.2,@FoxNews,.@PressSec: ‚ÄúThe president and the administration still fully support the Second Amendment.‚Äù https://t.co/vqjvJb04ES
78,0.0,03/28/2018,1.0,0.0,0.0,@FoxNews,.@PressSec: ‚ÄúThe wall is continuing to be built currently and we‚Äôre going to keep pushing forward until it‚Äôs fully‚Ä¶ https://t.co/qpXbKZ72fs
79,0.0516,03/28/2018,0.566,0.208,0.226,@FoxNews,.@PressSec: ‚ÄùWe‚Äôre certainly applying pressure on Russia.‚Äù https://t.co/kSlyHr6fkt
80,0.0,03/28/2018,1.0,0.0,0.0,@FoxNews,.@PressSec on census citizenship question: This is something that has been part of the census for decades and somet‚Ä¶ https://t.co/JXWKYMH0PY
81,0.431,03/28/2018,0.806,0.0,0.194,@FoxNews,".@PressSec: ‚ÄúThe United States is open to building a better relationship with Russia, but the Russian government mu‚Ä¶ https://t.co/pz7eGj1rHH"
82,0.0,03/28/2018,1.0,0.0,0.0,@FoxNews,.@PressSec Sarah Sanders holds a briefing  https://t.co/fBqAzIX9CL
83,0.2732,03/28/2018,0.851,0.0,0.149,@FoxNews,'Roseanne' Is Now a Big #Trump Supporter in Reboot of Hit 1990s Sitcom https://t.co/ERjH7TkucL
84,0.3818,03/28/2018,0.867,0.0,0.133,@FoxNews,.@JohnJamesMI on @foxandfriends: ‚Äú#DonaldTrump is delivering on his promises and the people in the state of Michiga‚Ä¶ https://t.co/AgzExVdjYa
85,0.0,03/28/2018,1.0,0.0,0.0,@FoxNews,Awaiting: @WhiteHouse briefing https://t.co/9fT8Fn3XPw
86,0.4404,03/28/2018,0.552,0.159,0.29,@FoxNews,"Owl gets loose at wedding, leaves best man 'terrified' https://t.co/Q5SCAfmm4w"
87,0.6705,03/28/2018,0.508,0.119,0.373,@FoxNews,RT @FoxBusiness: McCormick offers employee bonuses on tax cut benefit https://t.co/hJRwSAl9bM https://t.co/ZkWw9YAtPD
88,0.0,03/28/2018,1.0,0.0,0.0,@FoxNews,The casket of New York City firefighter Lieutenant Michael Davidson is carried on a firetruck down Fifth Avenue as‚Ä¶ https://t.co/7AodGGQsld
89,-0.2023,03/28/2018,0.847,0.153,0.0,@FoxNews,"Mummy discovery: 2,500-year-old Egyptian coffin was thought to be empty https://t.co/VCtJ3sSO2p"
90,0.0,03/28/2018,1.0,0.0,0.0,@FoxNews,Georgia mom makes 'entitled' teenage son shop at Goodwill to learn lesson in humility https://t.co/49IjH2zuWI
91,0.0772,03/28/2018,0.86,0.0,0.14,@FoxNews,Hofstra activists want to remove Thomas Jefferson statue https://t.co/6Wzh9D9Fms
92,0.7351,03/28/2018,0.64,0.0,0.36,@FoxNews,".@candacecbure credits Jesus and the Bible for her happy, 22-year marriage https://t.co/0yGdWqDbed https://t.co/wHlBXrJXOb"
93,-0.0258,03/28/2018,0.621,0.192,0.186,@FoxNews,Mural honoring officers in Dallas police massacre removed due to code violations https://t.co/nGwbEwkTVf
94,-0.6808,03/28/2018,0.663,0.337,0.0,@FoxNews,Person arrested in connection to suspicious packages found at DC-area military bases https://t.co/DBrp0Jc5MU
95,0.0,03/28/2018,1.0,0.0,0.0,@FoxNews,Facebook CEO Mark Zuckerberg to testify before Congress: report https://t.co/b4uBdpwin3 https://t.co/gKuK3BtGvs
96,0.7906,03/28/2018,0.611,0.0,0.389,@FoxNews,Retired Supreme Court Justice Stevens says Second Amendment should be repealed https://t.co/PE13PgJSin https://t.co/siqsenZTgv
97,-0.128,03/28/2018,0.914,0.086,0.0,@FoxNews,Bill Richardson: ‚ÄúMy view is that it‚Äôs going to be a tough year for Republicans in midterms.‚Äù https://t.co/8Q7JG4su2W
98,0.0,03/28/2018,1.0,0.0,0.0,@FoxNews,Mystery train rumored to carry Kim Jong Un leaves China after secretive stay https://t.co/SSCtuGrIcE
99,-0.128,03/28/2018,0.927,0.073,0.0,@FoxNews,This baby orangutan at the Phoenix Zoo got a front-row seat when a young boy began performing tricks with his yo-yo. https://t.co/4BxVRADuVB
0,0.34,03/28/2018,0.701,0.117,0.182,@nytimes,RT @NeilMacFarquhar: Articulate whistle-blower says data miners took ‚Äúcolonial‚Äù delight in secretly manipulating other countries via @NYTim‚Ä¶
1,0.0,03/28/2018,1.0,0.0,0.0,@nytimes,Uber said it is not renewing its permit to test self-driving vehicles in California because it wants to wait for th‚Ä¶ https://t.co/8QlITPricx
2,0.0,03/28/2018,1.0,0.0,0.0,@nytimes,"A combination of weather phenomena whipped up and swept Saharan dust north, bringing a sepia tint to parts of easte‚Ä¶ https://t.co/WL5g75ZvCd"
3,0.0,03/28/2018,1.0,0.0,0.0,@nytimes,"RT @nytopinion: Despite the ubiquity of dogs in our culture, there is much we don‚Äôt know about them and how they experience the world. Thei‚Ä¶"
4,0.0,03/28/2018,1.0,0.0,0.0,@nytimes,RT @jdelreal: For those catching up on the events here in Sacramento: https://t.co/vgSOvghxF3
5,0.0,03/28/2018,1.0,0.0,0.0,@nytimes,The idea of cosmetic surgery for a fish may sound extreme. But the Asian arowana is not your average pet store fish. https://t.co/RacPmqymCs
6,-0.34,03/28/2018,0.789,0.211,0.0,@nytimes,"Arrest of Catalan Leader Tests Spain, Separatists and E.U. https://t.co/jW8JlTkZyq"
7,0.0,03/28/2018,1.0,0.0,0.0,@nytimes,Atlanta‚Äôs city government has been partially paralyzed for days by a cyberattack. Traffic tickets can't be paid onl‚Ä¶ https://t.co/e8ITt2Pien
8,-0.8442,03/28/2018,0.62,0.304,0.076,@nytimes,"RT @NYTStyles: ""How can I get over my sense of betrayal, my rage and my desire to punish this man for the disrespectful way he treated me?""‚Ä¶"
9,-0.2263,03/28/2018,0.909,0.091,0.0,@nytimes,"Detectives in Los Angeles searching for an actress who disappeared last month found a body they believe is hers, th‚Ä¶ https://t.co/UctTxeFEo6"
10,-0.7717,03/28/2018,0.637,0.288,0.075,@nytimes,"""We have created a double tragedy for these people."" Chronic pain patients treated with high doses of opioids are c‚Ä¶ https://t.co/O2ZPgi7gM5"
11,0.4588,03/28/2018,0.87,0.0,0.13,@nytimes,RT @nytopinion: John Paul Stevens: Rarely in my lifetime have I seen the type of civic engagement school children demonstrated throughout t‚Ä¶
12,0.4019,03/28/2018,0.863,0.0,0.137,@nytimes,"Before harvesting millions of users' Facebook data, Cambridge Analytica had help from an employee at Peter Thiel's‚Ä¶ https://t.co/yq5T0MfyyH"
13,0.0258,03/28/2018,0.823,0.086,0.091,@nytimes,Investors pummeled tech stocks again on Tuesday as they hurried to drop shares in the very sector that once drove a‚Ä¶ https://t.co/55Ge3ZrTLI
14,0.4939,03/28/2018,0.789,0.0,0.211,@nytimes,RT @PamelaPaulNYT: Everyone except Sean Penn will enjoy reading this book review. https://t.co/RliFDhdK2o
15,0.0,03/28/2018,1.0,0.0,0.0,@nytimes,"In Opinion,
Isabelle Robinson, a senior at Marjory Stoneman Douglas High School, writes, ""The idea that we are to b‚Ä¶ https://t.co/cVB0DGRzd0"
16,0.4404,03/28/2018,0.734,0.0,0.266,@nytimes,Bill Cunningham left us one final gift: a memoir https://t.co/jNLxToxSrK
17,0.0,03/28/2018,1.0,0.0,0.0,@nytimes,RT @nickconfessore: NEW w/@AllMattNYT &amp; @carolecadwalla: interviews &amp; documents reveal how an employee at Peter Thiel's Silicon Valley inte‚Ä¶
18,-0.886,03/28/2018,0.691,0.309,0.0,@nytimes,"He was wrongfully convicted of rape and murder and spent 23 years behind bars. This week, he returned to work as a‚Ä¶ https://t.co/I6ujPJ625a"
19,0.0,03/28/2018,1.0,0.0,0.0,@nytimes,"RT @jdelreal: Hundreds of people who were waiting outside have made their way into the city hall foyer, where they are chanting Stephon Cla‚Ä¶"
20,0.4019,03/28/2018,0.876,0.0,0.124,@nytimes,Breaking News: President Trump secured his first major trade deal: a pact with South Korea. It may have been driven‚Ä¶ https://t.co/ie34rULVmY
21,0.0,03/28/2018,1.0,0.0,0.0,@nytimes,"Evening Briefing: Here's what you need to know at the end of the day
https://t.co/viDImohrSe"
22,-0.4215,03/28/2018,0.865,0.135,0.0,@nytimes,"Dr. John Cacioppo, who bridged biology and psychology in exploring the health effects of loneliness, dies at 66 https://t.co/Czq6evXOGX"
23,-0.1511,03/28/2018,0.667,0.2,0.133,@nytimes,RT @jdelreal: Stephon Clark‚Äôs brother is interrupting the city council meeting. ‚ÄúThey don‚Äôt care about you!‚Äù he screamed. https://t.co/GrXi‚Ä¶
24,-0.4404,03/28/2018,0.828,0.172,0.0,@nytimes,Some might find the idea of speed-solving @nytimes crossword puzzles intimidating. Not this group.‚Ä¶ https://t.co/bfSPo3yCxa
25,-0.4404,03/28/2018,0.868,0.132,0.0,@nytimes,At least 12 states signaled that they would sue to block the Trump administration from adding a question about citi‚Ä¶ https://t.co/C4Pn782AFc
26,0.0,03/28/2018,1.0,0.0,0.0,@nytimes,RT @jdelreal: Packed house today at the Sacramento City Council meeting to discuss the Stephon Clark shooting. The room is at capacity and‚Ä¶
27,0.2732,03/28/2018,0.896,0.0,0.104,@nytimes,The surprise discussions added another layer of complexity to the rush of global diplomacy around North Korea‚Äôs nuc‚Ä¶ https://t.co/fkwmip5h3Z
28,0.0,03/28/2018,1.0,0.0,0.0,@nytimes,Breaking News: North Korea's leader is said to have met secretly with China's president. It was Kim Jong-un‚Äôs first‚Ä¶ https://t.co/Mw0YpWvfbC
29,0.0,03/28/2018,1.0,0.0,0.0,@nytimes,"As you walk into a room at University of California, Irvine, the first thing you notice are the fruit and vegetable‚Ä¶ https://t.co/c7KTBOf2dZ"
30,-0.4019,03/28/2018,0.856,0.144,0.0,@nytimes,"H&amp;M is a ""fast fashion"" giant. But it has a big problem: A $4.3 billion pile of unsold clothes. https://t.co/xkjuVRmCJT"
31,0.7003,03/28/2018,0.766,0.0,0.234,@nytimes,"It's pretty clear how birds, even dinosaurs, got their wings. But how insects got theirs has been a mystery -- unti‚Ä¶ https://t.co/izgS59NtxG"
32,0.0,03/28/2018,1.0,0.0,0.0,@nytimes,"Evening Briefing: Here's what you need to know at the end of the day
https://t.co/v54i6wg4pj"
33,-0.7096,03/28/2018,0.772,0.228,0.0,@nytimes,RT @jdelreal: About two dozen people are gathered here at the Sacramento County District Attorney‚Äôs Office to protest the death of Stephon‚Ä¶
34,-0.5994,03/28/2018,0.776,0.224,0.0,@nytimes,"Apple is introducing a new iPad, trying to become a force again in classrooms, a battle fought against Google and M‚Ä¶ https://t.co/AAPH4kWu1N"
35,0.0772,03/28/2018,0.939,0.0,0.061,@nytimes,The 2020 census is a snapshot of America that will affect the number of congressional seats and how state and feder‚Ä¶ https://t.co/HcGCEs7ftP
36,-0.6249,03/28/2018,0.779,0.221,0.0,@nytimes,"RT @cliffordlevy: Some Republicans fear the midterms may come down to one thing: Trump‚Äôs conduct. (Including Stormy.)
""He blocks everything‚Ä¶"
37,-0.8225,03/28/2018,0.636,0.364,0.0,@nytimes,A fatal helicopter crash in New York‚Äôs East River may have been caused by a passenger‚Äôs harness accidentally trippi‚Ä¶ https://t.co/ilkS6nx9rz
38,-0.886,03/28/2018,0.691,0.309,0.0,@nytimes,"He was wrongfully convicted of rape and murder and spent 23 years behind bars. This week, he returned to work as a‚Ä¶ https://t.co/zIGxzZlm4E"
39,-0.0772,03/28/2018,0.734,0.147,0.119,@nytimes,Here are 11 movies you won‚Äôt want to miss https://t.co/DeWdoxFniP
40,0.0772,03/28/2018,0.933,0.0,0.067,@nytimes,"If President Trump actually meets Kim Jong-un, his challenge will be much larger than merely persuading North Korea‚Ä¶ https://t.co/7JveTkU9oD"
41,-0.2732,03/28/2018,0.89,0.11,0.0,@nytimes,"‚ÄúThe Americans‚Äù has always been as much about marriage and partnership as about geopolitics, our critic writes https://t.co/UXPe1hO5R1"
42,0.0,03/28/2018,1.0,0.0,0.0,@nytimes,"Roseanne believes President Trump doesn't oppose same-sex marriage. ""He has said it several times, you know, that h‚Ä¶ https://t.co/E7ThXtFRAn"
43,0.5859,03/28/2018,0.833,0.0,0.167,@nytimes,"If it is successful, the Trump administration could come closer than any Republican White House has to achieving a‚Ä¶ https://t.co/edKynbq7K7"
44,0.0,03/28/2018,1.0,0.0,0.0,@nytimes,These almond cookies need just 4 ingredients https://t.co/gY9TpfJdjd
45,0.0,03/28/2018,1.0,0.0,0.0,@nytimes,"In Opinion,
Isabelle Robinson, a senior at Marjory Stoneman Douglas High School, writes, ""The idea that we are to b‚Ä¶ https://t.co/uxs0El114r"
46,0.8176,03/28/2018,0.694,0.0,0.306,@nytimes,"""A strong case could be made for [Gerald] Murnane, who recently turned 79, as the greatest living English-language‚Ä¶ https://t.co/7ESwrnkrfv"
47,0.1779,03/28/2018,0.922,0.0,0.078,@nytimes,"Two graphic designers founded Turbo without fully knowing what it would be. Now, the studio is part of a growing de‚Ä¶ https://t.co/xmZNfQqdZX"
48,-0.5106,03/28/2018,0.852,0.148,0.0,@nytimes,The attorney general is responding to public outcry over a police shooting in which an unarmed black man was killed‚Ä¶ https://t.co/64nSNabytF
49,0.3612,03/28/2018,0.828,0.0,0.172,@nytimes,"The photos are surreal, like a Martian ski slope or a toasted marshmallow sky https://t.co/VFHIgBVETa"
50,-0.4588,03/28/2018,0.857,0.143,0.0,@nytimes,"By branching into public forums, Breitbart is taking a cue from one of its perennial foes: the mainstream media https://t.co/8wS7IUFeQU"
51,0.0,03/28/2018,1.0,0.0,0.0,@nytimes,"Check out our new animations about race and mobility, or make one of your own https://t.co/FNt0PtuI8l"
52,-0.836,03/28/2018,0.535,0.395,0.07,@nytimes,Horrific accounts of children struggling to escape the blazing shopping mall distracted public attention from a dip‚Ä¶ https://t.co/0ngky3p6Km
53,0.3612,03/28/2018,0.674,0.098,0.228,@nytimes,"Fair housing groups filed a lawsuit saying that Facebook continues to discriminate against certain groups, includin‚Ä¶ https://t.co/cBbsa2X9BK"
54,0.4588,03/28/2018,0.818,0.0,0.182,@nytimes,"RT @nytimesworld: ‚ÄúSpain is creating a situation where Europe‚Äôs judges rather than its politicians are being asked to solve Catalonia,‚Äù one‚Ä¶"
55,-0.0258,03/28/2018,0.788,0.108,0.103,@nytimes,"Under pressure, Mark Zuckerberg agreed to testify before Congress over Facebook‚Äôs handling of user data, people fam‚Ä¶ https://t.co/MvIygDFq9u"
56,-0.7269,03/28/2018,0.684,0.274,0.042,@nytimes,Critics say the rule could throw patients who lost access to the drugs into withdrawal or even provoke them to buy‚Ä¶ https://t.co/06RkHiijim
57,-0.5994,03/28/2018,0.837,0.163,0.0,@nytimes,Tempest in an egg spoon: How Alice Waters's fancy utensil set off a culinary culture war that touches on class and‚Ä¶ https://t.co/g0XvIB6ABy
58,0.0,03/28/2018,1.0,0.0,0.0,@nytimes,"Lieutenant Davidson left behind a wife and four young children, and came from a family of firefighters, with his fa‚Ä¶ https://t.co/qoREudBKjp"
59,0.8625,03/28/2018,0.593,0.0,0.407,@nytimes,"‚ÄúIt‚Äôs like a beauty pageant. The fish cannot be fat. It must look strong and have personality."" https://t.co/nSKiuU0x9i"
60,0.0,03/28/2018,1.0,0.0,0.0,@nytimes,"RT @amyfiscus: ""Bulletproof, Slow and Full of Wine‚Äù is also the title of my autobiography https://t.co/JthIHU4sY5"
61,0.2732,03/28/2018,0.704,0.0,0.296,@nytimes,Roseanne has become a Trump supporter https://t.co/bs6NXUo6mr
62,-0.3612,03/28/2018,0.656,0.22,0.124,@nytimes,"Tanzina Vega is the new host of ‚ÄúThe Takeaway,‚Äù succeeding John Hockenberry, who was accused of sexual harassment a‚Ä¶ https://t.co/zrO7bNE7I5"
63,-0.8126,03/28/2018,0.656,0.344,0.0,@nytimes,"Why are the Parkland students being attacked? ‚ÄúTogether we kind of form an unstoppable force that terrifies them."" https://t.co/wTnnc2IOLq"
64,0.0,03/28/2018,1.0,0.0,0.0,@nytimes,"RT @KevinQ: New today in Upshot-land, income mobility ladders for girls, Asian-Americans and other groups. Or make your own ‚Äì there are tho‚Ä¶"
65,0.0772,03/28/2018,0.707,0.159,0.134,@nytimes,"""I got back to something I‚Äôd been missing over a month of solo travel: the joy of getting lost with someone whose c‚Ä¶ https://t.co/uTaaAFEJSa"
66,-0.6597,03/28/2018,0.56,0.321,0.119,@nytimes,"""Being crazy isn't enough."" A Manhattan nanny charged with killing two children in her care is pursuing an insanity‚Ä¶ https://t.co/ro78pJw85B"
67,-0.3217,03/28/2018,0.77,0.142,0.088,@nytimes,"Two white police officers in Baton Rouge, La., will not be prosecuted in the fatal 2016 shooting of Alton Sterling,‚Ä¶ https://t.co/kRzukrAMDy"
68,0.477,03/28/2018,0.706,0.086,0.208,@nytimes,"The former dean, William D. Strampel, was accused not only of failing to protect women and girls from Larry Nassar,‚Ä¶ https://t.co/saN2IbTMhc"
69,0.7579,03/28/2018,0.755,0.0,0.245,@nytimes,RT @nytimesbusiness: ‚ÄúTrump has been a godsend for China.‚Äù The potential cost of moving away from institutions and alliances in favor of a‚Ä¶
70,0.4939,03/28/2018,0.856,0.0,0.144,@nytimes,"The Rev. Samuel Rodriguez thinks of himself as a modern-day Joseph in Pharaoh‚Äôs court, placed there to save his peo‚Ä¶ https://t.co/ajpHlmGwE4"
71,0.25,03/28/2018,0.92,0.0,0.08,@nytimes,"RT @patrickhealynyt: Roseanne Barr &amp; I got into it when she claimed Trump favors same-sex marriage: ""Yes, he does. He has said it several t‚Ä¶"
72,-0.2023,03/28/2018,0.909,0.091,0.0,@nytimes,"Federal authorities charged Keith Raniere, the head of the Albany-area group Nxivm, with forcing women to have sex‚Ä¶ https://t.co/L5xGmbNUfG"
73,0.3182,03/28/2018,0.881,0.0,0.119,@nytimes,"In Opinion,
Op-Ed columnist @PaulKrugman writes, ""The simple truth is that ever since Reagan, Republicans have basi‚Ä¶ https://t.co/2xROYOSesk"
74,-0.4588,03/28/2018,0.864,0.136,0.0,@nytimes,RT @nytopinion: Stormy Daniels is not the first person who claims to have been threatened after crossing Donald Trump https://t.co/jq4XA1hs‚Ä¶
75,0.7783,03/28/2018,0.536,0.0,0.464,@nytimes,"RT @nytimesarts: Chris Evans makes a terrific Broadway debut in ""Lobby Hero"" https://t.co/RSHFjyp02o"
76,0.5799,03/28/2018,0.595,0.137,0.268,@nytimes,"On U.S. involvement in the Syrian war, one operative said: ‚ÄúRussia is more honorable and trustworthy than the Unite‚Ä¶ https://t.co/j4nPJbWm4Q"
77,0.0,03/28/2018,1.0,0.0,0.0,@nytimes,"RT @nytimesbusiness: Waymo says it will buy up to 20,000 electric cars from Jaguar Land Rover as it strives to put a ride service into oper‚Ä¶"
78,-0.1695,03/28/2018,0.9,0.1,0.0,@nytimes,"Stephen Colbert and other late-night hosts were not surprised by Stephanie Clifford's ""60 Minutes"" interview https://t.co/i7tEE6rroE"
79,0.3182,03/28/2018,0.881,0.0,0.119,@nytimes,"""I'm sure there are other Cambridge Analyticas out there,"" Senator John Kennedy said. ""Facebook isn't just a compan‚Ä¶ https://t.co/q02W3HcwDe"
80,0.0,03/28/2018,1.0,0.0,0.0,@nytimes,RT @nytopinion: John Paul Stevens: Repealing the Second Amendment would move Saturday‚Äôs marchers closer to their objective than any other p‚Ä¶
81,0.4019,03/28/2018,0.881,0.0,0.119,@nytimes,Polls and recent elections show that Trump has galvanized liberal and moderate voters to oppose his party. Yet at t‚Ä¶ https://t.co/hj0feZkpk5
82,0.2617,03/28/2018,0.915,0.0,0.085,@nytimes,"RT @nytgraphics: All 435 House seats are up for election this November, but just 48 are considered competitive: 41 held by Republicans, 7 b‚Ä¶"
83,0.0,03/28/2018,1.0,0.0,0.0,@nytimes,Morning Briefing: Here's what you need to know to start your day https://t.co/1cL3jRvE6f https://t.co/DZGs6ucJlW
84,-0.9081,03/28/2018,0.568,0.432,0.0,@nytimes,The Maryland school shooter who fatally shot his ex-girlfriend and injured another student last week killed himself‚Ä¶ https://t.co/n7N1XpSNsB
85,0.0,03/28/2018,1.0,0.0,0.0,@nytimes,Linda Brown came to symbolize one of the most transformative court proceedings in American history https://t.co/vUcEP99A3g
86,0.4588,03/28/2018,0.812,0.0,0.188,@nytimes,"A housemate of the Austin bomber has become a ""person of interest"" in the investigation https://t.co/thNrBdpcJM"
87,0.0,03/28/2018,1.0,0.0,0.0,@nytimes,"Your daily @DealBook Briefing:

‚Ä¢ Citigroup became the biggest Wall Street firm thus far to take actions to limit g‚Ä¶ https://t.co/trOfabkKIY"
88,0.0,03/28/2018,1.0,0.0,0.0,@nytimes,"Lobster, wine and ""lady conductors"": What we know about North Korea's mystery train https://t.co/PCuXFczwwb"
89,-0.3818,03/28/2018,0.88,0.12,0.0,@nytimes,"""From a European perspective, the shock comes from the fact that the U.S. is now seen as a destabilizing force, lik‚Ä¶ https://t.co/IMDcz7Nj2v"
90,0.7717,03/28/2018,0.712,0.0,0.288,@nytimes,"Eight years ago, the United States and Russia agreed to a spy swap that sent a Russian double agent to safety in Br‚Ä¶ https://t.co/5Dv7DOef5y"
91,-0.4588,03/28/2018,0.842,0.158,0.0,@nytimes,"The former dean of Michigan State University‚Äôs medical school, who supervised the disgraced physician Lawrence Nass‚Ä¶ https://t.co/zvJMTgrnB7"
92,-0.2023,03/28/2018,0.917,0.083,0.0,@nytimes,"Within 30 seconds of arriving, Deputy Brewer had exited his car, confronted a man in the street whose pants were ar‚Ä¶ https://t.co/LzNamOCMQf"
93,0.34,03/28/2018,0.876,0.0,0.124,@nytimes,"The 2020 census will ask respondents whether they are U.S. citizens, the Commerce Department announced, agreeing to‚Ä¶ https://t.co/zz1aqLKqAT"
94,0.0,03/28/2018,1.0,0.0,0.0,@nytimes,A video that appeared to show the arrival in Beijing of an old-style green train fueled speculation that a high-lev‚Ä¶ https://t.co/nB2RJVVDYe
95,0.0,03/28/2018,1.0,0.0,0.0,@nytimes,Morning¬†Briefing: Here's what you need to know to start your day https://t.co/C4v9hpi3Ye https://t.co/QLK2dlg5qA
96,-0.5267,03/28/2018,0.825,0.175,0.0,@nytimes,"Others have come at President Trump with indignation, righteousness and appeals to decency. Stormy Daniels swatted‚Ä¶ https://t.co/iq3gZcZzNd"
97,0.0,03/28/2018,1.0,0.0,0.0,@nytimes,"""She called me at 4:11 p.m. the last time and told me that everything was in flames, and that the doors were blocke‚Ä¶ https://t.co/T2XmtaoKxp"
98,-0.8519,03/28/2018,0.484,0.401,0.114,@nytimes,"A woman who survived the Holocaust was murdered in Paris, in what the authorities are calling a hate crime https://t.co/PCfeDQFPrz"
99,-0.4767,03/28/2018,0.866,0.134,0.0,@nytimes,"After 61 weeks in the White House, President Trump has found 2 people he won‚Äôt attack on Twitter: Stormy Daniels an‚Ä¶ https://t.co/5VpaR8vviN"
