City,Country,Latitude,Longitude,Temperature,Humidity,Cloudiness,WindSpeed,URL
vaini,to,-21.2,-175.2,82.39999999999992,69,75,4.57,"http://api.openweathermap.org/data/2.5/weather?q=vaini,to&appid=4cc2a844092656dedc2d4db74f22bdb6"
punta arenas,cl,-53.16,-70.91,46.39999999999998,52,40,11.3,"http://api.openweathermap.org/data/2.5/weather?q=punta arenas,cl&appid=4cc2a844092656dedc2d4db74f22bdb6"
ushuaia,ar,-54.81,-68.31,40.99999999999994,75,75,15.4,"http://api.openweathermap.org/data/2.5/weather?q=ushuaia,ar&appid=4cc2a844092656dedc2d4db74f22bdb6"
hermanus,za,-34.42,19.24,52.19420000000002,95,0,1.47,"http://api.openweathermap.org/data/2.5/weather?q=hermanus,za&appid=4cc2a844092656dedc2d4db74f22bdb6"
bredasdorp,za,-34.53,20.04,55.39999999999992,82,0,2.1,"http://api.openweathermap.org/data/2.5/weather?q=bredasdorp,za&appid=4cc2a844092656dedc2d4db74f22bdb6"
port alfred,za,-33.59,26.89,64.25420000000003,96,0,2.97,"http://api.openweathermap.org/data/2.5/weather?q=port alfred,za&appid=4cc2a844092656dedc2d4db74f22bdb6"
busselton,au,-33.64,115.35,68.30419999999998,100,0,9.67,"http://api.openweathermap.org/data/2.5/weather?q=busselton,au&appid=4cc2a844092656dedc2d4db74f22bdb6"
albany,au,-35.02,117.88,59.39420000000001,94,24,4.07,"http://api.openweathermap.org/data/2.5/weather?q=albany,au&appid=4cc2a844092656dedc2d4db74f22bdb6"
new norfolk,au,-42.78,147.06,48.19999999999993,70,20,2.1,"http://api.openweathermap.org/data/2.5/weather?q=new norfolk,au&appid=4cc2a844092656dedc2d4db74f22bdb6"
hobart,au,-42.88,147.33,48.19999999999993,70,20,2.1,"http://api.openweathermap.org/data/2.5/weather?q=hobart,au&appid=4cc2a844092656dedc2d4db74f22bdb6"
bluff,nz,-46.6,168.33,66.4142,78,36,8.82,"http://api.openweathermap.org/data/2.5/weather?q=bluff,nz&appid=4cc2a844092656dedc2d4db74f22bdb6"
kruisfontein,za,-34,24.73,62.09420000000006,96,0,3.32,"http://api.openweathermap.org/data/2.5/weather?q=kruisfontein,za&appid=4cc2a844092656dedc2d4db74f22bdb6"
kaitangata,nz,-46.28,169.85,64.43419999999998,83,80,5.07,"http://api.openweathermap.org/data/2.5/weather?q=kaitangata,nz&appid=4cc2a844092656dedc2d4db74f22bdb6"
rikitea,pf,-23.12,-134.97,80.09420000000006,100,48,6.92,"http://api.openweathermap.org/data/2.5/weather?q=rikitea,pf&appid=4cc2a844092656dedc2d4db74f22bdb6"
cape town,za,-33.93,18.42,62.599999999999966,77,0,5.1,"http://api.openweathermap.org/data/2.5/weather?q=cape town,za&appid=4cc2a844092656dedc2d4db74f22bdb6"
mar del plata,ar,-46.43,-67.52,49.134199999999964,61,0,7.62,"http://api.openweathermap.org/data/2.5/weather?q=mar del plata,ar&appid=4cc2a844092656dedc2d4db74f22bdb6"
east london,za,-33.02,27.91,69.74420000000003,100,0,4.27,"http://api.openweathermap.org/data/2.5/weather?q=east london,za&appid=4cc2a844092656dedc2d4db74f22bdb6"
port elizabeth,za,-33.92,25.57,60.80000000000001,87,0,3.1,"http://api.openweathermap.org/data/2.5/weather?q=port elizabeth,za&appid=4cc2a844092656dedc2d4db74f22bdb6"
chuy,uy,-33.69,-53.46,70.10420000000005,74,0,5.37,"http://api.openweathermap.org/data/2.5/weather?q=chuy,uy&appid=4cc2a844092656dedc2d4db74f22bdb6"
dunedin,nz,-45.87,170.5,65.69420000000008,70,36,3.87,"http://api.openweathermap.org/data/2.5/weather?q=dunedin,nz&appid=4cc2a844092656dedc2d4db74f22bdb6"
saint-philippe,re,-21.36,55.77,79.75399999999996,83,92,2.1,"http://api.openweathermap.org/data/2.5/weather?q=saint-philippe,re&appid=4cc2a844092656dedc2d4db74f22bdb6"
castro,cl,-42.48,-73.76,52.28419999999994,89,92,3.57,"http://api.openweathermap.org/data/2.5/weather?q=castro,cl&appid=4cc2a844092656dedc2d4db74f22bdb6"
tuatapere,nz,-46.13,167.69,64.43419999999998,90,92,5.42,"http://api.openweathermap.org/data/2.5/weather?q=tuatapere,nz&appid=4cc2a844092656dedc2d4db74f22bdb6"
cidreira,br,-30.17,-50.22,71.09420000000006,71,24,4.02,"http://api.openweathermap.org/data/2.5/weather?q=cidreira,br&appid=4cc2a844092656dedc2d4db74f22bdb6"
avarua,ck,-21.21,-159.78,84.19999999999999,79,40,3.1,"http://api.openweathermap.org/data/2.5/weather?q=avarua,ck&appid=4cc2a844092656dedc2d4db74f22bdb6"
rio gallegos,ar,-51.62,-69.22,48.19999999999993,34,75,9.3,"http://api.openweathermap.org/data/2.5/weather?q=rio gallegos,ar&appid=4cc2a844092656dedc2d4db74f22bdb6"
christchurch,nz,-43.53,172.64,66.19999999999999,77,0,5.1,"http://api.openweathermap.org/data/2.5/weather?q=christchurch,nz&appid=4cc2a844092656dedc2d4db74f22bdb6"
coihaique,cl,-45.58,-72.07,42.799999999999955,71,75,3.6,"http://api.openweathermap.org/data/2.5/weather?q=coihaique,cl&appid=4cc2a844092656dedc2d4db74f22bdb6"
waipawa,nz,-39.94,176.59,63.62420000000003,70,8,2.82,"http://api.openweathermap.org/data/2.5/weather?q=waipawa,nz&appid=4cc2a844092656dedc2d4db74f22bdb6"
comodoro rivadavia,ar,-45.87,-67.48,40.99999999999994,80,40,5.7,"http://api.openweathermap.org/data/2.5/weather?q=comodoro rivadavia,ar&appid=4cc2a844092656dedc2d4db74f22bdb6"
saldanha,za,-33.01,17.94,57.19999999999999,76,0,3.1,"http://api.openweathermap.org/data/2.5/weather?q=saldanha,za&appid=4cc2a844092656dedc2d4db74f22bdb6"
arraial do cabo,br,-22.97,-42.02,89.59999999999997,66,0,7.7,"http://api.openweathermap.org/data/2.5/weather?q=arraial do cabo,br&appid=4cc2a844092656dedc2d4db74f22bdb6"
jamestown,sh,-15.94,-5.72,75.23419999999993,100,80,4.92,"http://api.openweathermap.org/data/2.5/weather?q=jamestown,sh&appid=4cc2a844092656dedc2d4db74f22bdb6"
esperance,au,-33.86,121.89,54.71420000000006,95,0,3.12,"http://api.openweathermap.org/data/2.5/weather?q=esperance,au&appid=4cc2a844092656dedc2d4db74f22bdb6"
te anau,nz,-45.41,167.72,59.48419999999993,94,64,5.72,"http://api.openweathermap.org/data/2.5/weather?q=te anau,nz&appid=4cc2a844092656dedc2d4db74f22bdb6"
burnie,au,-41.05,145.91,58.0442000000001,100,24,9.17,"http://api.openweathermap.org/data/2.5/weather?q=burnie,au&appid=4cc2a844092656dedc2d4db74f22bdb6"
trelew,ar,-43.25,-65.31,68.93419999999998,31,92,9.87,"http://api.openweathermap.org/data/2.5/weather?q=trelew,ar&appid=4cc2a844092656dedc2d4db74f22bdb6"
rocha,uy,-34.48,-54.34,66.23419999999993,60,0,4.32,"http://api.openweathermap.org/data/2.5/weather?q=rocha,uy&appid=4cc2a844092656dedc2d4db74f22bdb6"
otane,nz,-39.89,176.62,59.754200000000026,82,8,0.77,"http://api.openweathermap.org/data/2.5/weather?q=otane,nz&appid=4cc2a844092656dedc2d4db74f22bdb6"
ancud,cl,-41.87,-73.83,56.244200000000035,94,88,3.22,"http://api.openweathermap.org/data/2.5/weather?q=ancud,cl&appid=4cc2a844092656dedc2d4db74f22bdb6"
hastings,nz,-39.64,176.84,63.71420000000006,100,68,1.07,"http://api.openweathermap.org/data/2.5/weather?q=hastings,nz&appid=4cc2a844092656dedc2d4db74f22bdb6"
puerto madryn,ar,-42.77,-65.04,71.81419999999997,54,68,8.37,"http://api.openweathermap.org/data/2.5/weather?q=puerto madryn,ar&appid=4cc2a844092656dedc2d4db74f22bdb6"
warrnambool,au,-38.38,142.48,59.934199999999976,89,76,6.12,"http://api.openweathermap.org/data/2.5/weather?q=warrnambool,au&appid=4cc2a844092656dedc2d4db74f22bdb6"
gisborne,nz,-38.66,178.02,63.26420000000002,93,64,3.77,"http://api.openweathermap.org/data/2.5/weather?q=gisborne,nz&appid=4cc2a844092656dedc2d4db74f22bdb6"
souillac,mu,-20.52,57.52,78.80000000000001,94,75,3.1,"http://api.openweathermap.org/data/2.5/weather?q=souillac,mu&appid=4cc2a844092656dedc2d4db74f22bdb6"
general roca,ar,-39.03,-67.58,82.39999999999992,23,0,3.1,"http://api.openweathermap.org/data/2.5/weather?q=general roca,ar&appid=4cc2a844092656dedc2d4db74f22bdb6"
tolaga bay,nz,-38.37,178.3,63.26420000000002,93,64,3.77,"http://api.openweathermap.org/data/2.5/weather?q=tolaga bay,nz&appid=4cc2a844092656dedc2d4db74f22bdb6"
lebu,cl,-37.62,-73.65,61.55419999999998,100,0,9.42,"http://api.openweathermap.org/data/2.5/weather?q=lebu,cl&appid=4cc2a844092656dedc2d4db74f22bdb6"
hamilton,au,-37.74,142.02,52.46420000000006,87,56,3.57,"http://api.openweathermap.org/data/2.5/weather?q=hamilton,au&appid=4cc2a844092656dedc2d4db74f22bdb6"
nelson bay,au,-32.72,152.14,73.39999999999992,78,75,4.1,"http://api.openweathermap.org/data/2.5/weather?q=nelson bay,au&appid=4cc2a844092656dedc2d4db74f22bdb6"
santa rosa,ar,-36.62,-64.29,81.08419999999995,25,0,4.22,"http://api.openweathermap.org/data/2.5/weather?q=santa rosa,ar&appid=4cc2a844092656dedc2d4db74f22bdb6"
rio grande,br,-32.03,-52.1,75.19999999999999,47,0,5.1,"http://api.openweathermap.org/data/2.5/weather?q=rio grande,br&appid=4cc2a844092656dedc2d4db74f22bdb6"
horsham,au,-36.71,142.2,53.09420000000006,92,0,4.02,"http://api.openweathermap.org/data/2.5/weather?q=horsham,au&appid=4cc2a844092656dedc2d4db74f22bdb6"
port macquarie,au,-31.43,152.91,71.59999999999997,100,75,2.92,"http://api.openweathermap.org/data/2.5/weather?q=port macquarie,au&appid=4cc2a844092656dedc2d4db74f22bdb6"
mercedes,ar,-29.18,-58.08,74.69420000000008,43,32,4.77,"http://api.openweathermap.org/data/2.5/weather?q=mercedes,ar&appid=4cc2a844092656dedc2d4db74f22bdb6"
geraldton,au,-28.77,114.6,78.80000000000001,26,8,9.8,"http://api.openweathermap.org/data/2.5/weather?q=geraldton,au&appid=4cc2a844092656dedc2d4db74f22bdb6"
mildura,au,-34.18,142.16,56.69420000000008,95,0,3.77,"http://api.openweathermap.org/data/2.5/weather?q=mildura,au&appid=4cc2a844092656dedc2d4db74f22bdb6"
mahebourg,mu,-20.41,57.7,78.80000000000001,94,75,3.1,"http://api.openweathermap.org/data/2.5/weather?q=mahebourg,mu&appid=4cc2a844092656dedc2d4db74f22bdb6"
san luis,ar,-33.3,-66.34,82.88420000000002,18,0,3.67,"http://api.openweathermap.org/data/2.5/weather?q=san luis,ar&appid=4cc2a844092656dedc2d4db74f22bdb6"
carnarvon,au,-24.87,113.63,80.27420000000001,87,0,4.72,"http://api.openweathermap.org/data/2.5/weather?q=carnarvon,au&appid=4cc2a844092656dedc2d4db74f22bdb6"
oranjemund,na,-28.55,16.43,61.914199999999994,93,0,8.27,"http://api.openweathermap.org/data/2.5/weather?q=oranjemund,na&appid=4cc2a844092656dedc2d4db74f22bdb6"
broken hill,au,-31.97,141.45,57.684199999999976,94,32,5.47,"http://api.openweathermap.org/data/2.5/weather?q=broken hill,au&appid=4cc2a844092656dedc2d4db74f22bdb6"
butterworth,za,-32.33,28.14,55.34420000000006,90,32,0.32,"http://api.openweathermap.org/data/2.5/weather?q=butterworth,za&appid=4cc2a844092656dedc2d4db74f22bdb6"
ambovombe,mg,-25.18,46.09,75.68419999999998,90,92,2.32,"http://api.openweathermap.org/data/2.5/weather?q=ambovombe,mg&appid=4cc2a844092656dedc2d4db74f22bdb6"
sawtell,au,-30.38,153.1,75.19999999999999,83,64,6.2,"http://api.openweathermap.org/data/2.5/weather?q=sawtell,au&appid=4cc2a844092656dedc2d4db74f22bdb6"
ballina,au,-28.87,153.57,74.51420000000002,100,36,2.12,"http://api.openweathermap.org/data/2.5/weather?q=ballina,au&appid=4cc2a844092656dedc2d4db74f22bdb6"
sao joao da barra,br,-21.64,-41.05,82.39999999999992,69,0,4.1,"http://api.openweathermap.org/data/2.5/weather?q=sao joao da barra,br&appid=4cc2a844092656dedc2d4db74f22bdb6"
luderitz,na,-26.65,15.16,60.80000000000001,82,0,8.2,"http://api.openweathermap.org/data/2.5/weather?q=luderitz,na&appid=4cc2a844092656dedc2d4db74f22bdb6"
villa carlos paz,ar,-31.42,-64.5,80.59999999999997,15,0,5.1,"http://api.openweathermap.org/data/2.5/weather?q=villa carlos paz,ar&appid=4cc2a844092656dedc2d4db74f22bdb6"
umtata,za,-31.59,28.78,60.80000000000001,82,80,1,"http://api.openweathermap.org/data/2.5/weather?q=umtata,za&appid=4cc2a844092656dedc2d4db74f22bdb6"
la rioja,ar,-29.41,-66.86,78.02420000000001,37,0,1.52,"http://api.openweathermap.org/data/2.5/weather?q=la rioja,ar&appid=4cc2a844092656dedc2d4db74f22bdb6"
elliot,za,-31.33,27.85,45.89420000000007,86,12,1.02,"http://api.openweathermap.org/data/2.5/weather?q=elliot,za&appid=4cc2a844092656dedc2d4db74f22bdb6"
quthing,ls,-30.4,27.7,43.82419999999996,99,0,0.97,"http://api.openweathermap.org/data/2.5/weather?q=quthing,ls&appid=4cc2a844092656dedc2d4db74f22bdb6"
ngunguru,nz,-35.62,174.5,69.6542,96,92,8.87,"http://api.openweathermap.org/data/2.5/weather?q=ngunguru,nz&appid=4cc2a844092656dedc2d4db74f22bdb6"
thaba-tseka,ls,-29.52,28.61,36.08419999999995,85,0,0.87,"http://api.openweathermap.org/data/2.5/weather?q=thaba-tseka,ls&appid=4cc2a844092656dedc2d4db74f22bdb6"
talcahuano,cl,-36.72,-73.12,66.19999999999999,55,0,6.7,"http://api.openweathermap.org/data/2.5/weather?q=talcahuano,cl&appid=4cc2a844092656dedc2d4db74f22bdb6"
coquimbo,cl,-29.95,-71.34,62.599999999999966,77,20,4.6,"http://api.openweathermap.org/data/2.5/weather?q=coquimbo,cl&appid=4cc2a844092656dedc2d4db74f22bdb6"
byron bay,au,-28.65,153.62,71.59999999999997,94,36,1.5,"http://api.openweathermap.org/data/2.5/weather?q=byron bay,au&appid=4cc2a844092656dedc2d4db74f22bdb6"
puerto ayora,ec,-0.74,-90.35,85.99999999999994,66,20,6.2,"http://api.openweathermap.org/data/2.5/weather?q=puerto ayora,ec&appid=4cc2a844092656dedc2d4db74f22bdb6"
imbituba,br,-28.24,-48.67,73.39999999999992,83,75,6.2,"http://api.openweathermap.org/data/2.5/weather?q=imbituba,br&appid=4cc2a844092656dedc2d4db74f22bdb6"
bethlehem,za,-28.23,28.31,48.14420000000007,85,0,0.37,"http://api.openweathermap.org/data/2.5/weather?q=bethlehem,za&appid=4cc2a844092656dedc2d4db74f22bdb6"
vila velha,br,-3.71,-38.6,84.19999999999999,74,20,3.6,"http://api.openweathermap.org/data/2.5/weather?q=vila velha,br&appid=4cc2a844092656dedc2d4db74f22bdb6"
florianopolis,br,-27.6,-48.55,73.39999999999992,83,75,6.2,"http://api.openweathermap.org/data/2.5/weather?q=florianopolis,br&appid=4cc2a844092656dedc2d4db74f22bdb6"
reitz,za,-27.8,28.43,52.46420000000006,91,32,1.67,"http://api.openweathermap.org/data/2.5/weather?q=reitz,za&appid=4cc2a844092656dedc2d4db74f22bdb6"
bambous virieux,mu,-20.34,57.76,78.80000000000001,94,75,3.1,"http://api.openweathermap.org/data/2.5/weather?q=bambous virieux,mu&appid=4cc2a844092656dedc2d4db74f22bdb6"
frankfort,za,-27.28,28.49,55.434199999999976,100,32,1.42,"http://api.openweathermap.org/data/2.5/weather?q=frankfort,za&appid=4cc2a844092656dedc2d4db74f22bdb6"
porto belo,br,-27.15,-48.54,75.05599999999998,83,20,7.7,"http://api.openweathermap.org/data/2.5/weather?q=porto belo,br&appid=4cc2a844092656dedc2d4db74f22bdb6"
villiers,za,-27.03,28.6,51.83419999999995,91,20,1.32,"http://api.openweathermap.org/data/2.5/weather?q=villiers,za&appid=4cc2a844092656dedc2d4db74f22bdb6"
balfour,za,-26.66,28.59,49.85420000000005,90,12,1.22,"http://api.openweathermap.org/data/2.5/weather?q=balfour,za&appid=4cc2a844092656dedc2d4db74f22bdb6"
penha,br,-26.78,-48.65,79.07,83,20,7.7,"http://api.openweathermap.org/data/2.5/weather?q=penha,br&appid=4cc2a844092656dedc2d4db74f22bdb6"
pontal do parana,br,-25.67,-48.51,80.59999999999997,83,75,7.7,"http://api.openweathermap.org/data/2.5/weather?q=pontal do parana,br&appid=4cc2a844092656dedc2d4db74f22bdb6"
springs,za,-26.24,28.43,62.599999999999966,82,0,2.1,"http://api.openweathermap.org/data/2.5/weather?q=springs,za&appid=4cc2a844092656dedc2d4db74f22bdb6"
benoni,za,-26.19,28.31,64.47200000000004,82,0,2.1,"http://api.openweathermap.org/data/2.5/weather?q=benoni,za&appid=4cc2a844092656dedc2d4db74f22bdb6"
salta,ar,-24.79,-65.41,64.63399999999996,72,90,2.1,"http://api.openweathermap.org/data/2.5/weather?q=salta,ar&appid=4cc2a844092656dedc2d4db74f22bdb6"
cananeia,br,-25.01,-47.93,79.73419999999993,100,24,3.17,"http://api.openweathermap.org/data/2.5/weather?q=cananeia,br&appid=4cc2a844092656dedc2d4db74f22bdb6"
iguape,br,-24.7,-47.56,88.46420000000006,73,0,3.37,"http://api.openweathermap.org/data/2.5/weather?q=iguape,br&appid=4cc2a844092656dedc2d4db74f22bdb6"
walvis bay,na,-22.95,14.51,60.80000000000001,82,0,1.5,"http://api.openweathermap.org/data/2.5/weather?q=walvis bay,na&appid=4cc2a844092656dedc2d4db74f22bdb6"
miracatu,br,-24.28,-47.45,86.0342,59,0,0.87,"http://api.openweathermap.org/data/2.5/weather?q=miracatu,br&appid=4cc2a844092656dedc2d4db74f22bdb6"
piedade,br,-23.71,-47.43,86.0342,59,0,0.87,"http://api.openweathermap.org/data/2.5/weather?q=piedade,br&appid=4cc2a844092656dedc2d4db74f22bdb6"
henties bay,na,-22.12,14.28,63.5342,94,24,2.07,"http://api.openweathermap.org/data/2.5/weather?q=henties bay,na&appid=4cc2a844092656dedc2d4db74f22bdb6"
votorantim,br,-23.55,-47.44,80.59999999999997,57,40,5.1,"http://api.openweathermap.org/data/2.5/weather?q=votorantim,br&appid=4cc2a844092656dedc2d4db74f22bdb6"
itu,br,-23.26,-47.3,80.59999999999997,57,40,5.1,"http://api.openweathermap.org/data/2.5/weather?q=itu,br&appid=4cc2a844092656dedc2d4db74f22bdb6"
monte mor,br,-22.95,-47.31,80.59999999999997,57,40,5.1,"http://api.openweathermap.org/data/2.5/weather?q=monte mor,br&appid=4cc2a844092656dedc2d4db74f22bdb6"
americana,br,-22.74,-47.33,80.59999999999997,57,40,5.1,"http://api.openweathermap.org/data/2.5/weather?q=americana,br&appid=4cc2a844092656dedc2d4db74f22bdb6"
limeira,br,-22.56,-47.4,83.38999999999993,57,40,5.1,"http://api.openweathermap.org/data/2.5/weather?q=limeira,br&appid=4cc2a844092656dedc2d4db74f22bdb6"
araras,br,-22.36,-47.38,85.99999999999994,51,20,3.1,"http://api.openweathermap.org/data/2.5/weather?q=araras,br&appid=4cc2a844092656dedc2d4db74f22bdb6"
leme,br,-22.19,-47.39,85.99999999999994,51,20,3.1,"http://api.openweathermap.org/data/2.5/weather?q=leme,br&appid=4cc2a844092656dedc2d4db74f22bdb6"
pirassununga,br,-22,-47.43,85.99999999999994,51,20,3.1,"http://api.openweathermap.org/data/2.5/weather?q=pirassununga,br&appid=4cc2a844092656dedc2d4db74f22bdb6"
tupiza,bo,-21.44,-65.72,54.89420000000001,73,36,1.22,"http://api.openweathermap.org/data/2.5/weather?q=tupiza,bo&appid=4cc2a844092656dedc2d4db74f22bdb6"
santa rita do passa quatro,br,-21.71,-47.48,85.99999999999994,51,20,3.1,"http://api.openweathermap.org/data/2.5/weather?q=santa rita do passa quatro,br&appid=4cc2a844092656dedc2d4db74f22bdb6"
atocha,bo,-20.93,-66.22,51.11419999999998,92,20,1.07,"http://api.openweathermap.org/data/2.5/weather?q=atocha,bo&appid=4cc2a844092656dedc2d4db74f22bdb6"
pisco,pe,-13.71,-76.2,76.99999999999994,61,0,8.2,"http://api.openweathermap.org/data/2.5/weather?q=pisco,pe&appid=4cc2a844092656dedc2d4db74f22bdb6"
cajuru,br,-21.27,-47.3,78.80000000000001,65,20,2.1,"http://api.openweathermap.org/data/2.5/weather?q=cajuru,br&appid=4cc2a844092656dedc2d4db74f22bdb6"
altinopolis,br,-21.03,-47.37,78.80000000000001,65,20,2.1,"http://api.openweathermap.org/data/2.5/weather?q=altinopolis,br&appid=4cc2a844092656dedc2d4db74f22bdb6"
caravelas,br,-17.73,-39.27,81.5342,100,0,6.82,"http://api.openweathermap.org/data/2.5/weather?q=caravelas,br&appid=4cc2a844092656dedc2d4db74f22bdb6"
franca,br,-20.54,-47.4,80.18419999999998,68,24,1.07,"http://api.openweathermap.org/data/2.5/weather?q=franca,br&appid=4cc2a844092656dedc2d4db74f22bdb6"
tautira,pf,-17.73,-149.15,84.19999999999999,70,75,1,"http://api.openweathermap.org/data/2.5/weather?q=tautira,pf&appid=4cc2a844092656dedc2d4db74f22bdb6"
uyuni,bo,-20.46,-66.82,53.5442000000001,80,64,1.82,"http://api.openweathermap.org/data/2.5/weather?q=uyuni,bo&appid=4cc2a844092656dedc2d4db74f22bdb6"
pedregulho,br,-20.25,-47.48,80.18419999999998,68,24,1.07,"http://api.openweathermap.org/data/2.5/weather?q=pedregulho,br&appid=4cc2a844092656dedc2d4db74f22bdb6"
potosi,bo,-19.59,-65.75,49.134199999999964,91,56,1.42,"http://api.openweathermap.org/data/2.5/weather?q=potosi,bo&appid=4cc2a844092656dedc2d4db74f22bdb6"
sacramento,br,-19.87,-47.44,80.618,65,40,1.5,"http://api.openweathermap.org/data/2.5/weather?q=sacramento,br&appid=4cc2a844092656dedc2d4db74f22bdb6"
opuwo,na,-18.06,13.84,64.52420000000001,97,76,1.62,"http://api.openweathermap.org/data/2.5/weather?q=opuwo,na&appid=4cc2a844092656dedc2d4db74f22bdb6"
araxa,br,-19.59,-46.94,82.39999999999992,54,40,2.1,"http://api.openweathermap.org/data/2.5/weather?q=araxa,br&appid=4cc2a844092656dedc2d4db74f22bdb6"
challapata,bo,-18.9,-66.78,48.32419999999996,88,76,0.57,"http://api.openweathermap.org/data/2.5/weather?q=challapata,bo&appid=4cc2a844092656dedc2d4db74f22bdb6"
colquechaca,bo,-18.7,-66,53.27420000000001,79,48,1.07,"http://api.openweathermap.org/data/2.5/weather?q=colquechaca,bo&appid=4cc2a844092656dedc2d4db74f22bdb6"
monte carmelo,br,-18.73,-47.5,79.2842,66,8,1.67,"http://api.openweathermap.org/data/2.5/weather?q=monte carmelo,br&appid=4cc2a844092656dedc2d4db74f22bdb6"
belmonte,br,-26.84,-53.58,80.36420000000004,76,0,3.92,"http://api.openweathermap.org/data/2.5/weather?q=belmonte,br&appid=4cc2a844092656dedc2d4db74f22bdb6"
uncia,bo,-18.47,-66.57,52.73419999999993,70,56,1.52,"http://api.openweathermap.org/data/2.5/weather?q=uncia,bo&appid=4cc2a844092656dedc2d4db74f22bdb6"
coromandel,br,-18.47,-47.2,79.2842,66,8,1.67,"http://api.openweathermap.org/data/2.5/weather?q=coromandel,br&appid=4cc2a844092656dedc2d4db74f22bdb6"
irpa irpa,bo,-17.72,-66.29,66.19999999999999,59,75,1.5,"http://api.openweathermap.org/data/2.5/weather?q=irpa irpa,bo&appid=4cc2a844092656dedc2d4db74f22bdb6"
vazante,br,-17.99,-46.9,80.45420000000007,75,0,1.37,"http://api.openweathermap.org/data/2.5/weather?q=vazante,br&appid=4cc2a844092656dedc2d4db74f22bdb6"
sipe sipe,bo,-17.45,-66.36,66.19999999999999,59,75,1.5,"http://api.openweathermap.org/data/2.5/weather?q=sipe sipe,bo&appid=4cc2a844092656dedc2d4db74f22bdb6"
paracatu,br,-17.22,-46.87,80.27420000000001,83,0,1.32,"http://api.openweathermap.org/data/2.5/weather?q=paracatu,br&appid=4cc2a844092656dedc2d4db74f22bdb6"
lima,pe,-12.06,-77.04,68.93419999999998,65,48,1.17,"http://api.openweathermap.org/data/2.5/weather?q=lima,pe&appid=4cc2a844092656dedc2d4db74f22bdb6"
cochabamba,bo,-17.39,-66.16,66.19999999999999,59,75,1.5,"http://api.openweathermap.org/data/2.5/weather?q=cochabamba,bo&appid=4cc2a844092656dedc2d4db74f22bdb6"
cristalina,br,-16.77,-47.61,78.11420000000004,75,0,1.62,"http://api.openweathermap.org/data/2.5/weather?q=cristalina,br&appid=4cc2a844092656dedc2d4db74f22bdb6"
maceio,br,-9.67,-35.74,80.59999999999997,74,0,3.6,"http://api.openweathermap.org/data/2.5/weather?q=maceio,br&appid=4cc2a844092656dedc2d4db74f22bdb6"
namibe,ao,-15.19,12.15,77.21420000000006,100,100,4.22,"http://api.openweathermap.org/data/2.5/weather?q=namibe,ao&appid=4cc2a844092656dedc2d4db74f22bdb6"
hualmay,pe,-11.1,-77.61,75.86420000000004,67,8,1.92,"http://api.openweathermap.org/data/2.5/weather?q=hualmay,pe&appid=4cc2a844092656dedc2d4db74f22bdb6"
atuona,pf,-9.8,-139.03,81.5342,100,64,7.27,"http://api.openweathermap.org/data/2.5/weather?q=atuona,pf&appid=4cc2a844092656dedc2d4db74f22bdb6"
caranavi,bo,-15.83,-67.57,71.36420000000004,90,68,0.97,"http://api.openweathermap.org/data/2.5/weather?q=caranavi,bo&appid=4cc2a844092656dedc2d4db74f22bdb6"
san borja,bo,-14.86,-66.75,79.55419999999998,86,76,1.17,"http://api.openweathermap.org/data/2.5/weather?q=san borja,bo&appid=4cc2a844092656dedc2d4db74f22bdb6"
formosa,br,-15.55,-47.33,76.76420000000002,77,12,1.57,"http://api.openweathermap.org/data/2.5/weather?q=formosa,br&appid=4cc2a844092656dedc2d4db74f22bdb6"
lusaka,zm,-15.42,28.28,67.76420000000002,85,0,2.52,"http://api.openweathermap.org/data/2.5/weather?q=lusaka,zm&appid=4cc2a844092656dedc2d4db74f22bdb6"
antsohihy,mg,-14.88,47.99,76.49420000000003,95,56,2.22,"http://api.openweathermap.org/data/2.5/weather?q=antsohihy,mg&appid=4cc2a844092656dedc2d4db74f22bdb6"
grand gaube,mu,-20.01,57.66,78.80000000000001,94,75,3.1,"http://api.openweathermap.org/data/2.5/weather?q=grand gaube,mu&appid=4cc2a844092656dedc2d4db74f22bdb6"
chibombo,zm,-14.68,28.09,73.70420000000007,52,44,4.12,"http://api.openweathermap.org/data/2.5/weather?q=chibombo,zm&appid=4cc2a844092656dedc2d4db74f22bdb6"
maragogi,br,-9.01,-35.22,80.72419999999994,77,56,3.82,"http://api.openweathermap.org/data/2.5/weather?q=maragogi,br&appid=4cc2a844092656dedc2d4db74f22bdb6"
cavalcante,br,-13.79,-47.46,75.95420000000007,86,24,1.17,"http://api.openweathermap.org/data/2.5/weather?q=cavalcante,br&appid=4cc2a844092656dedc2d4db74f22bdb6"
huarmey,pe,-10.07,-78.15,76.67419999999998,61,32,1.82,"http://api.openweathermap.org/data/2.5/weather?q=huarmey,pe&appid=4cc2a844092656dedc2d4db74f22bdb6"
santa rosa,bo,-20.7,-64.83,61.01420000000002,82,92,1.02,"http://api.openweathermap.org/data/2.5/weather?q=santa rosa,bo&appid=4cc2a844092656dedc2d4db74f22bdb6"
kapiri mposhi,zm,-13.97,28.68,66.95420000000007,71,8,3.02,"http://api.openweathermap.org/data/2.5/weather?q=kapiri mposhi,zm&appid=4cc2a844092656dedc2d4db74f22bdb6"
ambanja,mg,-13.68,48.45,71.18419999999998,97,64,1.07,"http://api.openweathermap.org/data/2.5/weather?q=ambanja,mg&appid=4cc2a844092656dedc2d4db74f22bdb6"
mpongwe,zm,-13.51,28.16,72.98419999999993,62,88,3.07,"http://api.openweathermap.org/data/2.5/weather?q=mpongwe,zm&appid=4cc2a844092656dedc2d4db74f22bdb6"
luanshya,zm,-13.14,28.42,66.59420000000006,97,56,2.27,"http://api.openweathermap.org/data/2.5/weather?q=luanshya,zm&appid=4cc2a844092656dedc2d4db74f22bdb6"
campos belos,br,-13.04,-46.77,77.21420000000006,92,24,1.42,"http://api.openweathermap.org/data/2.5/weather?q=campos belos,br&appid=4cc2a844092656dedc2d4db74f22bdb6"
arraias,br,-12.93,-46.94,77.21420000000006,92,24,1.42,"http://api.openweathermap.org/data/2.5/weather?q=arraias,br&appid=4cc2a844092656dedc2d4db74f22bdb6"
ndola,zm,-12.97,28.64,64.07419999999996,88,36,1.77,"http://api.openweathermap.org/data/2.5/weather?q=ndola,zm&appid=4cc2a844092656dedc2d4db74f22bdb6"
rodrigues alves,br,-7.74,-72.65,92.33419999999995,46,48,0.37,"http://api.openweathermap.org/data/2.5/weather?q=rodrigues alves,br&appid=4cc2a844092656dedc2d4db74f22bdb6"
chimbote,pe,-9.08,-78.59,73.1642,86,24,3.12,"http://api.openweathermap.org/data/2.5/weather?q=chimbote,pe&appid=4cc2a844092656dedc2d4db74f22bdb6"
riberalta,bo,-11,-66.08,89.59999999999997,62,75,4.1,"http://api.openweathermap.org/data/2.5/weather?q=riberalta,bo&appid=4cc2a844092656dedc2d4db74f22bdb6"
chicama,pe,-7.84,-79.15,69.80000000000001,88,75,4.6,"http://api.openweathermap.org/data/2.5/weather?q=chicama,pe&appid=4cc2a844092656dedc2d4db74f22bdb6"
sao jose da coroa grande,br,-8.9,-35.15,80.72419999999994,77,56,3.82,"http://api.openweathermap.org/data/2.5/weather?q=sao jose da coroa grande,br&appid=4cc2a844092656dedc2d4db74f22bdb6"
benguela,ao,-12.58,13.4,77.93419999999998,100,80,0.72,"http://api.openweathermap.org/data/2.5/weather?q=benguela,ao&appid=4cc2a844092656dedc2d4db74f22bdb6"
georgetown,sh,-7.93,-14.42,80.09420000000006,100,20,2.67,"http://api.openweathermap.org/data/2.5/weather?q=georgetown,sh&appid=4cc2a844092656dedc2d4db74f22bdb6"
mansa,zm,-11.21,28.88,64.34420000000006,94,24,1.42,"http://api.openweathermap.org/data/2.5/weather?q=mansa,zm&appid=4cc2a844092656dedc2d4db74f22bdb6"
porto nacional,br,-10.7,-48.41,81.71420000000006,80,44,1.77,"http://api.openweathermap.org/data/2.5/weather?q=porto nacional,br&appid=4cc2a844092656dedc2d4db74f22bdb6"
tamandare,br,-8.28,-70.75,87.80000000000001,70,40,1.5,"http://api.openweathermap.org/data/2.5/weather?q=tamandare,br&appid=4cc2a844092656dedc2d4db74f22bdb6"
olinda,br,-22.82,-43.41,85.964,58,20,3.1,"http://api.openweathermap.org/data/2.5/weather?q=olinda,br&appid=4cc2a844092656dedc2d4db74f22bdb6"
pimentel,pe,-6.84,-79.94,78.80000000000001,69,0,7.7,"http://api.openweathermap.org/data/2.5/weather?q=pimentel,pe&appid=4cc2a844092656dedc2d4db74f22bdb6"
placido de castro,br,-10.34,-67.19,89.45420000000007,61,8,1.27,"http://api.openweathermap.org/data/2.5/weather?q=placido de castro,br&appid=4cc2a844092656dedc2d4db74f22bdb6"
palmas,br,-10.18,-48.33,84.4142,71,56,2.77,"http://api.openweathermap.org/data/2.5/weather?q=palmas,br&appid=4cc2a844092656dedc2d4db74f22bdb6"
miracema do tocantins,br,-9.56,-48.4,82.07419999999996,88,12,1.32,"http://api.openweathermap.org/data/2.5/weather?q=miracema do tocantins,br&appid=4cc2a844092656dedc2d4db74f22bdb6"
sechura,pe,-5.56,-80.82,79.73419999999993,65,20,5.32,"http://api.openweathermap.org/data/2.5/weather?q=sechura,pe&appid=4cc2a844092656dedc2d4db74f22bdb6"
boca do acre,br,-8.76,-67.39,82.97419999999994,81,32,1.07,"http://api.openweathermap.org/data/2.5/weather?q=boca do acre,br&appid=4cc2a844092656dedc2d4db74f22bdb6"
luanda,ao,-8.83,13.24,80.59999999999997,83,75,1.5,"http://api.openweathermap.org/data/2.5/weather?q=luanda,ao&appid=4cc2a844092656dedc2d4db74f22bdb6"
nchelenge,zm,-9.35,28.74,65.42419999999998,97,48,0.97,"http://api.openweathermap.org/data/2.5/weather?q=nchelenge,zm&appid=4cc2a844092656dedc2d4db74f22bdb6"
santa luzia,br,-19.77,-43.85,80.59999999999997,65,40,2.1,"http://api.openweathermap.org/data/2.5/weather?q=santa luzia,br&appid=4cc2a844092656dedc2d4db74f22bdb6"
domoni,km,-12.26,44.53,83.7842,100,68,2.42,"http://api.openweathermap.org/data/2.5/weather?q=domoni,km&appid=4cc2a844092656dedc2d4db74f22bdb6"
pauini,br,-7.71,-67,85.31419999999997,78,36,1.32,"http://api.openweathermap.org/data/2.5/weather?q=pauini,br&appid=4cc2a844092656dedc2d4db74f22bdb6"
pitimbu,br,-7.47,-34.81,82.39999999999992,69,20,3.1,"http://api.openweathermap.org/data/2.5/weather?q=pitimbu,br&appid=4cc2a844092656dedc2d4db74f22bdb6"
soyo,ao,-6.13,12.37,78.38420000000002,91,0,1.77,"http://api.openweathermap.org/data/2.5/weather?q=soyo,ao&appid=4cc2a844092656dedc2d4db74f22bdb6"
paita,pe,-5.09,-81.11,82.39999999999992,58,0,5.7,"http://api.openweathermap.org/data/2.5/weather?q=paita,pe&appid=4cc2a844092656dedc2d4db74f22bdb6"
manono,cd,-7.3,27.4,70.19420000000008,95,64,1.37,"http://api.openweathermap.org/data/2.5/weather?q=manono,cd&appid=4cc2a844092656dedc2d4db74f22bdb6"
carolina,br,-7.33,-47.47,80.72419999999994,87,20,1.52,"http://api.openweathermap.org/data/2.5/weather?q=carolina,br&appid=4cc2a844092656dedc2d4db74f22bdb6"
hithadhoo,mv,-0.6,73.08,84.05419999999998,100,48,5.07,"http://api.openweathermap.org/data/2.5/weather?q=hithadhoo,mv&appid=4cc2a844092656dedc2d4db74f22bdb6"
hambantota,lk,6.12,81.12,79.2842,100,24,3.02,"http://api.openweathermap.org/data/2.5/weather?q=hambantota,lk&appid=4cc2a844092656dedc2d4db74f22bdb6"
porto franco,br,-6.34,-47.4,81.80419999999998,82,24,1.32,"http://api.openweathermap.org/data/2.5/weather?q=porto franco,br&appid=4cc2a844092656dedc2d4db74f22bdb6"
cabedelo,br,-6.97,-34.84,82.39999999999992,69,20,3.1,"http://api.openweathermap.org/data/2.5/weather?q=cabedelo,br&appid=4cc2a844092656dedc2d4db74f22bdb6"
cabinda,ao,-5.56,12.19,82.52420000000001,100,24,2.97,"http://api.openweathermap.org/data/2.5/weather?q=cabinda,ao&appid=4cc2a844092656dedc2d4db74f22bdb6"
carauari,br,-4.88,-66.9,91.61420000000004,56,20,2.37,"http://api.openweathermap.org/data/2.5/weather?q=carauari,br&appid=4cc2a844092656dedc2d4db74f22bdb6"
talara,pe,-4.58,-81.27,82.39999999999992,58,0,5.7,"http://api.openweathermap.org/data/2.5/weather?q=talara,pe&appid=4cc2a844092656dedc2d4db74f22bdb6"
montes altos,br,-5.83,-47.07,81.26420000000002,83,56,1.32,"http://api.openweathermap.org/data/2.5/weather?q=montes altos,br&appid=4cc2a844092656dedc2d4db74f22bdb6"
mayumba,ga,-3.44,10.65,80.9042,98,24,1.82,"http://api.openweathermap.org/data/2.5/weather?q=mayumba,ga&appid=4cc2a844092656dedc2d4db74f22bdb6"
kalemie,cd,-5.95,29.2,73.52420000000001,100,92,1.32,"http://api.openweathermap.org/data/2.5/weather?q=kalemie,cd&appid=4cc2a844092656dedc2d4db74f22bdb6"
kigoma,tz,-4.88,29.64,70.73419999999993,100,88,2.52,"http://api.openweathermap.org/data/2.5/weather?q=kigoma,tz&appid=4cc2a844092656dedc2d4db74f22bdb6"
rumonge,bi,-3.97,29.44,68.0342,100,92,3.32,"http://api.openweathermap.org/data/2.5/weather?q=rumonge,bi&appid=4cc2a844092656dedc2d4db74f22bdb6"
baturaja,id,-4.12,104.17,71.81419999999997,98,92,1.72,"http://api.openweathermap.org/data/2.5/weather?q=baturaja,id&appid=4cc2a844092656dedc2d4db74f22bdb6"
paragominas,br,-3,-47.35,78.38420000000002,93,20,1.97,"http://api.openweathermap.org/data/2.5/weather?q=paragominas,br&appid=4cc2a844092656dedc2d4db74f22bdb6"
nisia floresta,br,-6.09,-35.21,82.39999999999992,74,20,3.6,"http://api.openweathermap.org/data/2.5/weather?q=nisia floresta,br&appid=4cc2a844092656dedc2d4db74f22bdb6"
natal,br,-5.81,-35.21,82.39999999999992,74,20,3.6,"http://api.openweathermap.org/data/2.5/weather?q=natal,br&appid=4cc2a844092656dedc2d4db74f22bdb6"
fonte boa,br,-2.51,-66.09,89.9042,56,24,3.42,"http://api.openweathermap.org/data/2.5/weather?q=fonte boa,br&appid=4cc2a844092656dedc2d4db74f22bdb6"
gamba,ga,-2.72,10.02,82.52420000000001,98,68,2.82,"http://api.openweathermap.org/data/2.5/weather?q=gamba,ga&appid=4cc2a844092656dedc2d4db74f22bdb6"
cibitoke,bi,-2.89,29.12,58.76420000000002,100,92,0.52,"http://api.openweathermap.org/data/2.5/weather?q=cibitoke,bi&appid=4cc2a844092656dedc2d4db74f22bdb6"
bukavu,cd,-2.51,28.86,59.0342,100,88,1.47,"http://api.openweathermap.org/data/2.5/weather?q=bukavu,cd&appid=4cc2a844092656dedc2d4db74f22bdb6"
salinas,ec,0.49,-78.13,58.99999999999994,67,40,3.1,"http://api.openweathermap.org/data/2.5/weather?q=salinas,ec&appid=4cc2a844092656dedc2d4db74f22bdb6"
touros,br,-5.2,-35.46,82.7942000000001,77,92,5.37,"http://api.openweathermap.org/data/2.5/weather?q=touros,br&appid=4cc2a844092656dedc2d4db74f22bdb6"
irituia,br,-1.77,-47.44,82.43419999999998,80,80,3.12,"http://api.openweathermap.org/data/2.5/weather?q=irituia,br&appid=4cc2a844092656dedc2d4db74f22bdb6"
harper,lr,4.38,-7.71,81.26420000000002,100,80,3.92,"http://api.openweathermap.org/data/2.5/weather?q=harper,lr&appid=4cc2a844092656dedc2d4db74f22bdb6"
omboue,ga,-1.57,9.26,82.43419999999998,100,56,2.77,"http://api.openweathermap.org/data/2.5/weather?q=omboue,ga&appid=4cc2a844092656dedc2d4db74f22bdb6"
goma,cd,-1.67,29.23,59.754200000000026,100,92,0.97,"http://api.openweathermap.org/data/2.5/weather?q=goma,cd&appid=4cc2a844092656dedc2d4db74f22bdb6"
san cristobal,ec,-1.02,-79.44,63.26420000000002,100,76,0.72,"http://api.openweathermap.org/data/2.5/weather?q=san cristobal,ec&appid=4cc2a844092656dedc2d4db74f22bdb6"
maraa,br,-1.83,-65.37,85.76420000000002,73,64,2.47,"http://api.openweathermap.org/data/2.5/weather?q=maraa,br&appid=4cc2a844092656dedc2d4db74f22bdb6"
capanema,br,-25.67,-53.8,69.80000000000001,100,75,3.1,"http://api.openweathermap.org/data/2.5/weather?q=capanema,br&appid=4cc2a844092656dedc2d4db74f22bdb6"
sao gabriel da cachoeira,br,-0.13,-67.09,90.35420000000005,59,20,1.77,"http://api.openweathermap.org/data/2.5/weather?q=sao gabriel da cachoeira,br&appid=4cc2a844092656dedc2d4db74f22bdb6"
salinopolis,br,-0.61,-47.36,82.43419999999998,94,92,5.47,"http://api.openweathermap.org/data/2.5/weather?q=salinopolis,br&appid=4cc2a844092656dedc2d4db74f22bdb6"
port-gentil,ga,-0.72,8.78,78.80000000000001,88,20,1,"http://api.openweathermap.org/data/2.5/weather?q=port-gentil,ga&appid=4cc2a844092656dedc2d4db74f22bdb6"
libreville,ga,0.39,9.45,82.39999999999992,78,20,1,"http://api.openweathermap.org/data/2.5/weather?q=libreville,ga&appid=4cc2a844092656dedc2d4db74f22bdb6"
butembo,cd,0.12,29.29,60.56419999999997,98,76,1.22,"http://api.openweathermap.org/data/2.5/weather?q=butembo,cd&appid=4cc2a844092656dedc2d4db74f22bdb6"
mogadishu,so,2.04,45.34,80.18419999999998,100,80,7.72,"http://api.openweathermap.org/data/2.5/weather?q=mogadishu,so&appid=4cc2a844092656dedc2d4db74f22bdb6"
thinadhoo,mv,0.53,72.93,85.76420000000002,96,92,5.57,"http://api.openweathermap.org/data/2.5/weather?q=thinadhoo,mv&appid=4cc2a844092656dedc2d4db74f22bdb6"
kijang,id,0.9,104.63,79.9142,97,24,4.02,"http://api.openweathermap.org/data/2.5/weather?q=kijang,id&appid=4cc2a844092656dedc2d4db74f22bdb6"
cocobeach,ga,1.01,9.58,82.39999999999992,78,20,1,"http://api.openweathermap.org/data/2.5/weather?q=cocobeach,ga&appid=4cc2a844092656dedc2d4db74f22bdb6"
beni,cd,0.49,29.47,66.05419999999998,95,88,1.67,"http://api.openweathermap.org/data/2.5/weather?q=beni,cd&appid=4cc2a844092656dedc2d4db74f22bdb6"
wamba,cd,2.14,27.99,68.75420000000003,96,56,0.87,"http://api.openweathermap.org/data/2.5/weather?q=wamba,cd&appid=4cc2a844092656dedc2d4db74f22bdb6"
mbini,gq,1.58,9.62,78.83419999999995,100,0,3.02,"http://api.openweathermap.org/data/2.5/weather?q=mbini,gq&appid=4cc2a844092656dedc2d4db74f22bdb6"
kudahuvadhoo,mv,2.67,72.89,85.31419999999997,97,44,6.22,"http://api.openweathermap.org/data/2.5/weather?q=kudahuvadhoo,mv&appid=4cc2a844092656dedc2d4db74f22bdb6"
kota tinggi,my,1.73,103.9,78.81800000000004,88,75,2.6,"http://api.openweathermap.org/data/2.5/weather?q=kota tinggi,my&appid=4cc2a844092656dedc2d4db74f22bdb6"
hilo,us,19.71,-155.08,67.35200000000003,94,90,4.6,"http://api.openweathermap.org/data/2.5/weather?q=hilo,us&appid=4cc2a844092656dedc2d4db74f22bdb6"
bata,gq,1.87,9.77,78.83419999999995,100,0,3.02,"http://api.openweathermap.org/data/2.5/weather?q=bata,gq&appid=4cc2a844092656dedc2d4db74f22bdb6"
inirida,co,3.87,-67.92,89.09420000000006,55,20,1.17,"http://api.openweathermap.org/data/2.5/weather?q=inirida,co&appid=4cc2a844092656dedc2d4db74f22bdb6"
jawhar,so,2.78,45.5,79.46420000000006,78,0,5.17,"http://api.openweathermap.org/data/2.5/weather?q=jawhar,so&appid=4cc2a844092656dedc2d4db74f22bdb6"
kribi,cm,2.94,9.91,76.13420000000002,96,24,1.92,"http://api.openweathermap.org/data/2.5/weather?q=kribi,cm&appid=4cc2a844092656dedc2d4db74f22bdb6"
muisne,ec,0.61,-80.02,80.63420000000002,84,92,2.12,"http://api.openweathermap.org/data/2.5/weather?q=muisne,ec&appid=4cc2a844092656dedc2d4db74f22bdb6"
acapulco,mx,16.86,-99.88,80.59999999999997,74,75,5.1,"http://api.openweathermap.org/data/2.5/weather?q=acapulco,mx&appid=4cc2a844092656dedc2d4db74f22bdb6"
amapa,br,-1.83,-56.23,83.42419999999998,78,12,1.32,"http://api.openweathermap.org/data/2.5/weather?q=amapa,br&appid=4cc2a844092656dedc2d4db74f22bdb6"
limbe,cm,4.02,9.21,78.80000000000001,83,40,1.5,"http://api.openweathermap.org/data/2.5/weather?q=limbe,cm&appid=4cc2a844092656dedc2d4db74f22bdb6"
tiko,cm,4.08,9.36,78.80000000000001,83,40,1.5,"http://api.openweathermap.org/data/2.5/weather?q=tiko,cm&appid=4cc2a844092656dedc2d4db74f22bdb6"
sao filipe,cv,14.9,-24.5,72.08419999999995,90,0,8.37,"http://api.openweathermap.org/data/2.5/weather?q=sao filipe,cv&appid=4cc2a844092656dedc2d4db74f22bdb6"
buchanan,lr,5.88,-10.05,79.73419999999993,95,44,2.37,"http://api.openweathermap.org/data/2.5/weather?q=buchanan,lr&appid=4cc2a844092656dedc2d4db74f22bdb6"
muyuka,cm,4.29,9.41,78.80000000000001,83,40,1.5,"http://api.openweathermap.org/data/2.5/weather?q=muyuka,cm&appid=4cc2a844092656dedc2d4db74f22bdb6"
puerto ayacucho,ve,5.66,-67.62,81.71420000000006,86,36,1.77,"http://api.openweathermap.org/data/2.5/weather?q=puerto ayacucho,ve&appid=4cc2a844092656dedc2d4db74f22bdb6"
kumba,cm,4.64,9.44,71.36420000000004,97,64,1.22,"http://api.openweathermap.org/data/2.5/weather?q=kumba,cm&appid=4cc2a844092656dedc2d4db74f22bdb6"
hobyo,so,5.35,48.53,80.09420000000006,83,88,7.47,"http://api.openweathermap.org/data/2.5/weather?q=hobyo,so&appid=4cc2a844092656dedc2d4db74f22bdb6"
fontem,cm,5.49,9.85,64.34420000000006,95,64,1.27,"http://api.openweathermap.org/data/2.5/weather?q=fontem,cm&appid=4cc2a844092656dedc2d4db74f22bdb6"
cabo san lucas,mx,22.89,-109.91,78.29599999999999,60,5,5.1,"http://api.openweathermap.org/data/2.5/weather?q=cabo san lucas,mx&appid=4cc2a844092656dedc2d4db74f22bdb6"
puerto carreno,co,6.19,-67.49,77.39420000000001,84,12,1.17,"http://api.openweathermap.org/data/2.5/weather?q=puerto carreno,co&appid=4cc2a844092656dedc2d4db74f22bdb6"
bali,cm,5.89,10.01,59.21420000000006,94,56,0.92,"http://api.openweathermap.org/data/2.5/weather?q=bali,cm&appid=4cc2a844092656dedc2d4db74f22bdb6"
mbengwi,cm,6,10.01,59.21420000000006,94,56,0.92,"http://api.openweathermap.org/data/2.5/weather?q=mbengwi,cm&appid=4cc2a844092656dedc2d4db74f22bdb6"
gbarnga,lr,7,-9.47,77.21420000000006,84,32,3.47,"http://api.openweathermap.org/data/2.5/weather?q=gbarnga,lr&appid=4cc2a844092656dedc2d4db74f22bdb6"
wum,cm,6.39,10.08,69.92419999999998,85,100,1.22,"http://api.openweathermap.org/data/2.5/weather?q=wum,cm&appid=4cc2a844092656dedc2d4db74f22bdb6"
kulhudhuffushi,mv,6.62,73.07,83.96420000000006,99,0,5.17,"http://api.openweathermap.org/data/2.5/weather?q=kulhudhuffushi,mv&appid=4cc2a844092656dedc2d4db74f22bdb6"
buenos aires,cr,9.17,-83.33,85.13420000000002,63,12,1.27,"http://api.openweathermap.org/data/2.5/weather?q=buenos aires,cr&appid=4cc2a844092656dedc2d4db74f22bdb6"
cayenne,gf,4.94,-52.33,76.99999999999994,94,75,2.57,"http://api.openweathermap.org/data/2.5/weather?q=cayenne,gf&appid=4cc2a844092656dedc2d4db74f22bdb6"
gboko,ng,7.32,9,84.50420000000003,59,24,6.62,"http://api.openweathermap.org/data/2.5/weather?q=gboko,ng&appid=4cc2a844092656dedc2d4db74f22bdb6"
quepos,cr,9.43,-84.16,84.23600000000005,37,20,6.7,"http://api.openweathermap.org/data/2.5/weather?q=quepos,cr&appid=4cc2a844092656dedc2d4db74f22bdb6"
calabozo,ve,8.92,-67.43,95.75420000000003,24,20,5.17,"http://api.openweathermap.org/data/2.5/weather?q=calabozo,ve&appid=4cc2a844092656dedc2d4db74f22bdb6"
parrita,cr,9.52,-84.33,84.21800000000002,37,20,6.7,"http://api.openweathermap.org/data/2.5/weather?q=parrita,cr&appid=4cc2a844092656dedc2d4db74f22bdb6"
yomou,gn,7.57,-9.26,77.75420000000003,75,8,2.77,"http://api.openweathermap.org/data/2.5/weather?q=yomou,gn&appid=4cc2a844092656dedc2d4db74f22bdb6"
macenta,gn,8.55,-9.47,72.98419999999993,87,0,1.27,"http://api.openweathermap.org/data/2.5/weather?q=macenta,gn&appid=4cc2a844092656dedc2d4db74f22bdb6"
wukari,ng,7.87,9.78,89.9042,40,24,6.12,"http://api.openweathermap.org/data/2.5/weather?q=wukari,ng&appid=4cc2a844092656dedc2d4db74f22bdb6"
altagracia de orituco,ve,9.86,-66.38,92.7842,29,12,5.17,"http://api.openweathermap.org/data/2.5/weather?q=altagracia de orituco,ve&appid=4cc2a844092656dedc2d4db74f22bdb6"
lafia,ng,8.5,8.51,86.6642,46,8,4.92,"http://api.openweathermap.org/data/2.5/weather?q=lafia,ng&appid=4cc2a844092656dedc2d4db74f22bdb6"
puntarenas,cr,9.98,-84.84,85.99999999999994,40,20,5.1,"http://api.openweathermap.org/data/2.5/weather?q=puntarenas,cr&appid=4cc2a844092656dedc2d4db74f22bdb6"
san jeronimo,mx,29.37,-110.79,80.59999999999997,15,5,2.6,"http://api.openweathermap.org/data/2.5/weather?q=san jeronimo,mx&appid=4cc2a844092656dedc2d4db74f22bdb6"
tokonou,gn,9.65,-9.78,79.82419999999996,56,0,3.07,"http://api.openweathermap.org/data/2.5/weather?q=tokonou,gn&appid=4cc2a844092656dedc2d4db74f22bdb6"
jos,ng,9.92,8.9,66.05419999999998,56,0,1.37,"http://api.openweathermap.org/data/2.5/weather?q=jos,ng&appid=4cc2a844092656dedc2d4db74f22bdb6"
nicoya,cr,10.15,-85.45,91.39999999999992,46,20,6.2,"http://api.openweathermap.org/data/2.5/weather?q=nicoya,cr&appid=4cc2a844092656dedc2d4db74f22bdb6"
kankan,gn,10.38,-9.3,80.99420000000003,35,0,2.57,"http://api.openweathermap.org/data/2.5/weather?q=kankan,gn&appid=4cc2a844092656dedc2d4db74f22bdb6"
bauchi,ng,10.31,9.85,69.83419999999995,54,0,0.92,"http://api.openweathermap.org/data/2.5/weather?q=bauchi,ng&appid=4cc2a844092656dedc2d4db74f22bdb6"
kapaa,us,22.08,-159.32,74.53399999999993,69,90,7.2,"http://api.openweathermap.org/data/2.5/weather?q=kapaa,us&appid=4cc2a844092656dedc2d4db74f22bdb6"
petatlan,mx,17.52,-101.27,85.99999999999994,66,20,5.1,"http://api.openweathermap.org/data/2.5/weather?q=petatlan,mx&appid=4cc2a844092656dedc2d4db74f22bdb6"
ixtapa,mx,20.71,-105.21,76.99999999999994,83,5,6.2,"http://api.openweathermap.org/data/2.5/weather?q=ixtapa,mx&appid=4cc2a844092656dedc2d4db74f22bdb6"
san jose,cr,9.93,-84.08,84.23600000000005,37,20,6.7,"http://api.openweathermap.org/data/2.5/weather?q=san jose,cr&appid=4cc2a844092656dedc2d4db74f22bdb6"
guatire,ve,10.47,-66.54,82.39999999999992,69,20,3.1,"http://api.openweathermap.org/data/2.5/weather?q=guatire,ve&appid=4cc2a844092656dedc2d4db74f22bdb6"
siguiri,gn,11.42,-9.17,82.25420000000003,34,8,3.02,"http://api.openweathermap.org/data/2.5/weather?q=siguiri,gn&appid=4cc2a844092656dedc2d4db74f22bdb6"
san miguelito,ni,11.4,-84.9,86.0342,82,32,4.42,"http://api.openweathermap.org/data/2.5/weather?q=san miguelito,ni&appid=4cc2a844092656dedc2d4db74f22bdb6"
acoyapa,ni,11.97,-85.17,91.39999999999992,59,40,2.1,"http://api.openweathermap.org/data/2.5/weather?q=acoyapa,ni&appid=4cc2a844092656dedc2d4db74f22bdb6"
caraballeda,ve,10.61,-66.85,82.39999999999992,69,20,3.1,"http://api.openweathermap.org/data/2.5/weather?q=caraballeda,ve&appid=4cc2a844092656dedc2d4db74f22bdb6"
dutse,ng,11.76,9.34,75.05419999999998,22,0,3.47,"http://api.openweathermap.org/data/2.5/weather?q=dutse,ng&appid=4cc2a844092656dedc2d4db74f22bdb6"
juigalpa,ni,12.1,-85.37,91.39999999999992,59,40,2.1,"http://api.openweathermap.org/data/2.5/weather?q=juigalpa,ni&appid=4cc2a844092656dedc2d4db74f22bdb6"
ewa beach,us,21.32,-158.01,75.66800000000006,73,40,6.2,"http://api.openweathermap.org/data/2.5/weather?q=ewa beach,us&appid=4cc2a844092656dedc2d4db74f22bdb6"
san isidro,ni,12.93,-86.19,80.59999999999997,51,40,3.1,"http://api.openweathermap.org/data/2.5/weather?q=san isidro,ni&appid=4cc2a844092656dedc2d4db74f22bdb6"
bocana de paiwas,ni,12.79,-85.12,82.34420000000006,67,44,3.67,"http://api.openweathermap.org/data/2.5/weather?q=bocana de paiwas,ni&appid=4cc2a844092656dedc2d4db74f22bdb6"
rio blanco,ni,12.93,-85.22,82.25420000000003,67,20,1.67,"http://api.openweathermap.org/data/2.5/weather?q=rio blanco,ni&appid=4cc2a844092656dedc2d4db74f22bdb6"
waslala,ni,13.33,-85.37,82.25420000000003,67,20,1.67,"http://api.openweathermap.org/data/2.5/weather?q=waslala,ni&appid=4cc2a844092656dedc2d4db74f22bdb6"
sinnamary,gf,5.38,-52.96,79.01420000000002,99,100,4.37,"http://api.openweathermap.org/data/2.5/weather?q=sinnamary,gf&appid=4cc2a844092656dedc2d4db74f22bdb6"
lazaro cardenas,mx,28.39,-105.62,67.99999999999994,20,40,6.7,"http://api.openweathermap.org/data/2.5/weather?q=lazaro cardenas,mx&appid=4cc2a844092656dedc2d4db74f22bdb6"
siuna,ni,13.73,-84.78,83.1542,66,64,1.57,"http://api.openweathermap.org/data/2.5/weather?q=siuna,ni&appid=4cc2a844092656dedc2d4db74f22bdb6"
makakilo city,us,21.35,-158.09,75.66800000000006,73,40,6.2,"http://api.openweathermap.org/data/2.5/weather?q=makakilo city,us&appid=4cc2a844092656dedc2d4db74f22bdb6"
constitucion,mx,23.99,-104.67,78.80000000000001,7,5,8.7,"http://api.openweathermap.org/data/2.5/weather?q=constitucion,mx&appid=4cc2a844092656dedc2d4db74f22bdb6"
bonanza,ni,14.03,-84.62,83.1542,66,64,1.57,"http://api.openweathermap.org/data/2.5/weather?q=bonanza,ni&appid=4cc2a844092656dedc2d4db74f22bdb6"
san jose de rio tinto,hn,14.93,-85.7,89.59999999999997,43,40,1,"http://api.openweathermap.org/data/2.5/weather?q=san jose de rio tinto,hn&appid=4cc2a844092656dedc2d4db74f22bdb6"
dulce nombre de culmi,hn,15.08,-85.56,89.59999999999997,43,40,1,"http://api.openweathermap.org/data/2.5/weather?q=dulce nombre de culmi,hn&appid=4cc2a844092656dedc2d4db74f22bdb6"
mindelo,cv,16.89,-24.98,71.00420000000003,96,20,8.22,"http://api.openweathermap.org/data/2.5/weather?q=mindelo,cv&appid=4cc2a844092656dedc2d4db74f22bdb6"
la orilla,mx,18,-102.23,83.42419999999998,63,0,2.32,"http://api.openweathermap.org/data/2.5/weather?q=la orilla,mx&appid=4cc2a844092656dedc2d4db74f22bdb6"
cusuna,hn,15.85,-85.23,90.5342,37,0,1.67,"http://api.openweathermap.org/data/2.5/weather?q=cusuna,hn&appid=4cc2a844092656dedc2d4db74f22bdb6"
porto novo,cv,17.02,-25.06,69.80000000000001,73,40,12.3,"http://api.openweathermap.org/data/2.5/weather?q=porto novo,cv&appid=4cc2a844092656dedc2d4db74f22bdb6"
coahuayana,mx,18.62,-100.35,89.36420000000004,18,0,1.32,"http://api.openweathermap.org/data/2.5/weather?q=coahuayana,mx&appid=4cc2a844092656dedc2d4db74f22bdb6"
tanout,ne,14.97,8.88,74.1542,17,12,2.92,"http://api.openweathermap.org/data/2.5/weather?q=tanout,ne&appid=4cc2a844092656dedc2d4db74f22bdb6"
ponta do sol,cv,17.2,-25.09,70.2842,100,12,9.67,"http://api.openweathermap.org/data/2.5/weather?q=ponta do sol,cv&appid=4cc2a844092656dedc2d4db74f22bdb6"
savannah bight,hn,16.45,-85.85,82.52420000000001,90,0,9.07,"http://api.openweathermap.org/data/2.5/weather?q=savannah bight,hn&appid=4cc2a844092656dedc2d4db74f22bdb6"
nanakuli,us,21.39,-158.15,75.19999999999999,78,75,4.1,"http://api.openweathermap.org/data/2.5/weather?q=nanakuli,us&appid=4cc2a844092656dedc2d4db74f22bdb6"
bathsheba,bb,13.22,-59.52,80.59999999999997,69,40,6.2,"http://api.openweathermap.org/data/2.5/weather?q=bathsheba,bb&appid=4cc2a844092656dedc2d4db74f22bdb6"
agadez,ne,16.97,7.99,74.96420000000006,14,0,4.22,"http://api.openweathermap.org/data/2.5/weather?q=agadez,ne&appid=4cc2a844092656dedc2d4db74f22bdb6"
marawi,sd,18.48,31.82,66.59420000000006,23,0,1.67,"http://api.openweathermap.org/data/2.5/weather?q=marawi,sd&appid=4cc2a844092656dedc2d4db74f22bdb6"
najran,sa,17.54,44.22,71.59999999999997,18,0,2.12,"http://api.openweathermap.org/data/2.5/weather?q=najran,sa&appid=4cc2a844092656dedc2d4db74f22bdb6"
salinas,us,36.67,-121.66,66.59600000000006,40,1,5.7,"http://api.openweathermap.org/data/2.5/weather?q=salinas,us&appid=4cc2a844092656dedc2d4db74f22bdb6"
porbandar,in,21.64,69.61,72.26420000000002,88,0,5.67,"http://api.openweathermap.org/data/2.5/weather?q=porbandar,in&appid=4cc2a844092656dedc2d4db74f22bdb6"
guerrero negro,mx,27.97,-114.04,74.33419999999995,38,0,2.77,"http://api.openweathermap.org/data/2.5/weather?q=guerrero negro,mx&appid=4cc2a844092656dedc2d4db74f22bdb6"
armeria,mx,18.93,-103.97,84.50600000000003,78,20,5.1,"http://api.openweathermap.org/data/2.5/weather?q=armeria,mx&appid=4cc2a844092656dedc2d4db74f22bdb6"
dorado,us,36.91,-82.27,64.43599999999998,48,90,2.1,"http://api.openweathermap.org/data/2.5/weather?q=dorado,us&appid=4cc2a844092656dedc2d4db74f22bdb6"
el colomo,mx,20.87,-105.16,82.27399999999994,83,5,6.2,"http://api.openweathermap.org/data/2.5/weather?q=el colomo,mx&appid=4cc2a844092656dedc2d4db74f22bdb6"
atar,mr,20.52,-13.05,74.06419999999997,23,0,4.02,"http://api.openweathermap.org/data/2.5/weather?q=atar,mr&appid=4cc2a844092656dedc2d4db74f22bdb6"
minatitlan,mx,19.39,-104.05,84.52399999999994,78,20,5.1,"http://api.openweathermap.org/data/2.5/weather?q=minatitlan,mx&appid=4cc2a844092656dedc2d4db74f22bdb6"
casimiro castillo,mx,19.6,-104.44,80.59999999999997,78,20,5.1,"http://api.openweathermap.org/data/2.5/weather?q=casimiro castillo,mx&appid=4cc2a844092656dedc2d4db74f22bdb6"
el grullo,mx,19.8,-104.22,89.36420000000004,19,0,1.52,"http://api.openweathermap.org/data/2.5/weather?q=el grullo,mx&appid=4cc2a844092656dedc2d4db74f22bdb6"
union de tula,mx,19.96,-104.27,89.36420000000004,19,0,1.52,"http://api.openweathermap.org/data/2.5/weather?q=union de tula,mx&appid=4cc2a844092656dedc2d4db74f22bdb6"
juchitlan,mx,20.08,-104.1,86.57419999999996,18,0,1.22,"http://api.openweathermap.org/data/2.5/weather?q=juchitlan,mx&appid=4cc2a844092656dedc2d4db74f22bdb6"
tenamaxtlan,mx,20.22,-104.17,85.58419999999995,15,0,1.62,"http://api.openweathermap.org/data/2.5/weather?q=tenamaxtlan,mx&appid=4cc2a844092656dedc2d4db74f22bdb6"
ameca,mx,20.55,-104.05,86.6642,15,0,2.02,"http://api.openweathermap.org/data/2.5/weather?q=ameca,mx&appid=4cc2a844092656dedc2d4db74f22bdb6"
san marcos,mx,20.03,-99.34,76.85420000000005,21,24,1.42,"http://api.openweathermap.org/data/2.5/weather?q=san marcos,mx&appid=4cc2a844092656dedc2d4db74f22bdb6"
ixtlan del rio,mx,21.03,-104.37,85.99999999999994,27,5,4.6,"http://api.openweathermap.org/data/2.5/weather?q=ixtlan del rio,mx&appid=4cc2a844092656dedc2d4db74f22bdb6"
hostotipaquillo,mx,21.06,-104.05,85.85420000000005,16,0,1.17,"http://api.openweathermap.org/data/2.5/weather?q=hostotipaquillo,mx&appid=4cc2a844092656dedc2d4db74f22bdb6"
mantua,cu,22.29,-84.28,84.59420000000006,58,0,2.92,"http://api.openweathermap.org/data/2.5/weather?q=mantua,cu&appid=4cc2a844092656dedc2d4db74f22bdb6"
santa maria del oro,mx,25.95,-105.37,75.68419999999998,11,0,4.12,"http://api.openweathermap.org/data/2.5/weather?q=santa maria del oro,mx&appid=4cc2a844092656dedc2d4db74f22bdb6"
san juan,us,26.19,-98.16,88.86200000000002,51,75,6.7,"http://api.openweathermap.org/data/2.5/weather?q=san juan,us&appid=4cc2a844092656dedc2d4db74f22bdb6"
villa guerrero,mx,21.98,-103.59,80.9042,15,0,1.97,"http://api.openweathermap.org/data/2.5/weather?q=villa guerrero,mx&appid=4cc2a844092656dedc2d4db74f22bdb6"
huejuquilla el alto,mx,22.63,-103.9,76.58419999999995,17,0,3.22,"http://api.openweathermap.org/data/2.5/weather?q=huejuquilla el alto,mx&appid=4cc2a844092656dedc2d4db74f22bdb6"
saint-francois,gp,16.25,-61.27,80.59999999999997,57,20,3.6,"http://api.openweathermap.org/data/2.5/weather?q=saint-francois,gp&appid=4cc2a844092656dedc2d4db74f22bdb6"
aswan,eg,24.09,32.9,68.0342,22,0,3.47,"http://api.openweathermap.org/data/2.5/weather?q=aswan,eg&appid=4cc2a844092656dedc2d4db74f22bdb6"
riyadh,sa,24.63,46.72,71.59999999999997,51,0,2.1,"http://api.openweathermap.org/data/2.5/weather?q=riyadh,sa&appid=4cc2a844092656dedc2d4db74f22bdb6"
chalchihuites,mx,23.48,-103.88,74.96420000000006,13,0,4.42,"http://api.openweathermap.org/data/2.5/weather?q=chalchihuites,mx&appid=4cc2a844092656dedc2d4db74f22bdb6"
suchil,mx,23.62,-103.92,74.96420000000006,13,0,4.42,"http://api.openweathermap.org/data/2.5/weather?q=suchil,mx&appid=4cc2a844092656dedc2d4db74f22bdb6"
nombre de dios,mx,23.85,-104.24,78.80000000000001,7,5,8.7,"http://api.openweathermap.org/data/2.5/weather?q=nombre de dios,mx&appid=4cc2a844092656dedc2d4db74f22bdb6"
cockburn town,tc,21.46,-71.14,73.7942000000001,100,36,2.07,"http://api.openweathermap.org/data/2.5/weather?q=cockburn town,tc&appid=4cc2a844092656dedc2d4db74f22bdb6"
tahta,eg,26.77,31.5,62.9042,40,0,2.02,"http://api.openweathermap.org/data/2.5/weather?q=tahta,eg&appid=4cc2a844092656dedc2d4db74f22bdb6"
guadalupe victoria,mx,21.68,-105.33,85.99999999999994,27,5,4.6,"http://api.openweathermap.org/data/2.5/weather?q=guadalupe victoria,mx&appid=4cc2a844092656dedc2d4db74f22bdb6"
tiznit,ma,29.7,-9.73,59.30419999999998,86,0,3.47,"http://api.openweathermap.org/data/2.5/weather?q=tiznit,ma&appid=4cc2a844092656dedc2d4db74f22bdb6"
panuco,mx,22.88,-102.54,80.59999999999997,10,5,7.7,"http://api.openweathermap.org/data/2.5/weather?q=panuco,mx&appid=4cc2a844092656dedc2d4db74f22bdb6"
penon blanco,mx,24.79,-104.04,78.74420000000003,16,0,3.22,"http://api.openweathermap.org/data/2.5/weather?q=penon blanco,mx&appid=4cc2a844092656dedc2d4db74f22bdb6"
nazas,mx,25.22,-104.11,80.36420000000004,16,0,1.22,"http://api.openweathermap.org/data/2.5/weather?q=nazas,mx&appid=4cc2a844092656dedc2d4db74f22bdb6"
asyut,eg,27.18,31.19,62.9042,40,0,2.02,"http://api.openweathermap.org/data/2.5/weather?q=asyut,eg&appid=4cc2a844092656dedc2d4db74f22bdb6"
venice,us,27.1,-82.45,78.31400000000002,83,1,4.6,"http://api.openweathermap.org/data/2.5/weather?q=venice,us&appid=4cc2a844092656dedc2d4db74f22bdb6"
mapimi,mx,25.82,-103.85,84.19999999999999,12,5,1.5,"http://api.openweathermap.org/data/2.5/weather?q=mapimi,mx&appid=4cc2a844092656dedc2d4db74f22bdb6"
uthal,pk,25.81,66.62,64.7942000000001,58,0,1.67,"http://api.openweathermap.org/data/2.5/weather?q=uthal,pk&appid=4cc2a844092656dedc2d4db74f22bdb6"
hamilton,bm,32.3,-64.78,62.599999999999966,59,75,3.1,"http://api.openweathermap.org/data/2.5/weather?q=hamilton,bm&appid=4cc2a844092656dedc2d4db74f22bdb6"
bayshore gardens,us,27.43,-82.59,77.70200000000006,83,1,3.6,"http://api.openweathermap.org/data/2.5/weather?q=bayshore gardens,us&appid=4cc2a844092656dedc2d4db74f22bdb6"
saint pete beach,us,27.73,-82.74,78.34999999999997,78,90,5.7,"http://api.openweathermap.org/data/2.5/weather?q=saint pete beach,us&appid=4cc2a844092656dedc2d4db74f22bdb6"
abnub,eg,27.27,31.15,62.9042,40,0,2.02,"http://api.openweathermap.org/data/2.5/weather?q=abnub,eg&appid=4cc2a844092656dedc2d4db74f22bdb6"
seminole,us,32.72,-102.64,64.39999999999992,17,1,2.6,"http://api.openweathermap.org/data/2.5/weather?q=seminole,us&appid=4cc2a844092656dedc2d4db74f22bdb6"
camargo,mx,27.69,-105.17,77.21420000000006,7,0,2.87,"http://api.openweathermap.org/data/2.5/weather?q=camargo,mx&appid=4cc2a844092656dedc2d4db74f22bdb6"
lompoc,us,34.64,-120.46,68.594,28,1,5.1,"http://api.openweathermap.org/data/2.5/weather?q=lompoc,us&appid=4cc2a844092656dedc2d4db74f22bdb6"
los llanos de aridane,es,28.66,-17.92,66.19999999999999,68,44,8.7,"http://api.openweathermap.org/data/2.5/weather?q=los llanos de aridane,es&appid=4cc2a844092656dedc2d4db74f22bdb6"
ponta delgada,pt,37.73,-25.67,62.599999999999966,93,75,2.1,"http://api.openweathermap.org/data/2.5/weather?q=ponta delgada,pt&appid=4cc2a844092656dedc2d4db74f22bdb6"
callaway,us,46.98,-95.91,35.23999999999995,64,40,1.5,"http://api.openweathermap.org/data/2.5/weather?q=callaway,us&appid=4cc2a844092656dedc2d4db74f22bdb6"
matay,eg,28.42,30.79,63.35420000000005,37,0,2.62,"http://api.openweathermap.org/data/2.5/weather?q=matay,eg&appid=4cc2a844092656dedc2d4db74f22bdb6"
saucillo,mx,28.03,-105.29,75.05419999999998,8,0,2.32,"http://api.openweathermap.org/data/2.5/weather?q=saucillo,mx&appid=4cc2a844092656dedc2d4db74f22bdb6"
saint george,bm,32.38,-64.68,62.599999999999966,59,75,3.1,"http://api.openweathermap.org/data/2.5/weather?q=saint george,bm&appid=4cc2a844092656dedc2d4db74f22bdb6"
ojinaga,mx,29.57,-104.42,73.25420000000003,10,0,2.77,"http://api.openweathermap.org/data/2.5/weather?q=ojinaga,mx&appid=4cc2a844092656dedc2d4db74f22bdb6"
nalut,ly,31.86,10.98,57.77420000000001,32,36,2.77,"http://api.openweathermap.org/data/2.5/weather?q=nalut,ly&appid=4cc2a844092656dedc2d4db74f22bdb6"
marsa matruh,eg,31.35,27.25,52.01420000000002,76,0,1.12,"http://api.openweathermap.org/data/2.5/weather?q=marsa matruh,eg&appid=4cc2a844092656dedc2d4db74f22bdb6"
nushki,pk,29.55,66.02,47.87419999999997,97,0,1.67,"http://api.openweathermap.org/data/2.5/weather?q=nushki,pk&appid=4cc2a844092656dedc2d4db74f22bdb6"
pokhara,np,28.21,83.99,53.63420000000002,56,0,1.87,"http://api.openweathermap.org/data/2.5/weather?q=pokhara,np&appid=4cc2a844092656dedc2d4db74f22bdb6"
luocheng,cn,28.29,114.55,47.33419999999995,98,92,1.42,"http://api.openweathermap.org/data/2.5/weather?q=luocheng,cn&appid=4cc2a844092656dedc2d4db74f22bdb6"
ziyang,cn,30.12,104.65,45.62419999999997,89,0,1.32,"http://api.openweathermap.org/data/2.5/weather?q=ziyang,cn&appid=4cc2a844092656dedc2d4db74f22bdb6"
agadir,ma,30.42,-9.58,60.80000000000001,77,0,5.1,"http://api.openweathermap.org/data/2.5/weather?q=agadir,ma&appid=4cc2a844092656dedc2d4db74f22bdb6"
khorramshahr,ir,30.43,48.18,66.416,52,0,1,"http://api.openweathermap.org/data/2.5/weather?q=khorramshahr,ir&appid=4cc2a844092656dedc2d4db74f22bdb6"
lynn haven,us,30.25,-85.65,74.30000000000001,88,75,5.1,"http://api.openweathermap.org/data/2.5/weather?q=lynn haven,us&appid=4cc2a844092656dedc2d4db74f22bdb6"
pecos,us,31.42,-103.49,69.80000000000001,8,1,4.1,"http://api.openweathermap.org/data/2.5/weather?q=pecos,us&appid=4cc2a844092656dedc2d4db74f22bdb6"
dothan,us,31.22,-85.39,73.14799999999997,88,75,3.6,"http://api.openweathermap.org/data/2.5/weather?q=dothan,us&appid=4cc2a844092656dedc2d4db74f22bdb6"
susangerd,ir,31.56,48.19,62.599999999999966,55,0,1,"http://api.openweathermap.org/data/2.5/weather?q=susangerd,ir&appid=4cc2a844092656dedc2d4db74f22bdb6"
torbay,ca,47.66,-52.73,26.599999999999966,86,90,8.2,"http://api.openweathermap.org/data/2.5/weather?q=torbay,ca&appid=4cc2a844092656dedc2d4db74f22bdb6"
eufaula,us,31.89,-85.15,73.79599999999999,69,90,2.1,"http://api.openweathermap.org/data/2.5/weather?q=eufaula,us&appid=4cc2a844092656dedc2d4db74f22bdb6"
carlsbad,us,33.16,-117.35,68.18,45,1,2.1,"http://api.openweathermap.org/data/2.5/weather?q=carlsbad,us&appid=4cc2a844092656dedc2d4db74f22bdb6"
dehloran,ir,32.69,47.27,56.33419999999995,73,0,1.32,"http://api.openweathermap.org/data/2.5/weather?q=dehloran,ir&appid=4cc2a844092656dedc2d4db74f22bdb6"
phenix city,us,32.47,-85,73.83199999999994,100,75,4.1,"http://api.openweathermap.org/data/2.5/weather?q=phenix city,us&appid=4cc2a844092656dedc2d4db74f22bdb6"
opelika,us,32.65,-85.38,72.49999999999994,78,75,4.1,"http://api.openweathermap.org/data/2.5/weather?q=opelika,us&appid=4cc2a844092656dedc2d4db74f22bdb6"
artesia,us,32.84,-104.4,65.04799999999994,10,1,2.1,"http://api.openweathermap.org/data/2.5/weather?q=artesia,us&appid=4cc2a844092656dedc2d4db74f22bdb6"
valley,us,48.18,-117.72,48.19999999999993,45,75,4.6,"http://api.openweathermap.org/data/2.5/weather?q=valley,us&appid=4cc2a844092656dedc2d4db74f22bdb6"
roswell,us,33.39,-104.52,64.39999999999992,9,1,2.67,"http://api.openweathermap.org/data/2.5/weather?q=roswell,us&appid=4cc2a844092656dedc2d4db74f22bdb6"
carrollton,us,33.58,-85.08,64.166,88,75,2.1,"http://api.openweathermap.org/data/2.5/weather?q=carrollton,us&appid=4cc2a844092656dedc2d4db74f22bdb6"
ribeira grande,pt,38.52,-28.7,63.89420000000001,95,36,6.07,"http://api.openweathermap.org/data/2.5/weather?q=ribeira grande,pt&appid=4cc2a844092656dedc2d4db74f22bdb6"
morro bay,us,35.37,-120.85,68.01800000000009,28,1,5.1,"http://api.openweathermap.org/data/2.5/weather?q=morro bay,us&appid=4cc2a844092656dedc2d4db74f22bdb6"
fortuna,us,40.6,-124.16,54.73399999999998,62,1,6.7,"http://api.openweathermap.org/data/2.5/weather?q=fortuna,us&appid=4cc2a844092656dedc2d4db74f22bdb6"
cedartown,us,34.01,-85.26,62.56400000000002,100,90,3.6,"http://api.openweathermap.org/data/2.5/weather?q=cedartown,us&appid=4cc2a844092656dedc2d4db74f22bdb6"
portales,us,34.19,-103.33,57.19999999999999,24,40,2.1,"http://api.openweathermap.org/data/2.5/weather?q=portales,us&appid=4cc2a844092656dedc2d4db74f22bdb6"
monterey,us,36.6,-121.89,66.61399999999998,40,1,5.7,"http://api.openweathermap.org/data/2.5/weather?q=monterey,us&appid=4cc2a844092656dedc2d4db74f22bdb6"
tucumcari,us,35.17,-103.73,57.19999999999999,22,90,1.22,"http://api.openweathermap.org/data/2.5/weather?q=tucumcari,us&appid=4cc2a844092656dedc2d4db74f22bdb6"
fort oglethorpe,us,34.95,-85.24,60.853999999999985,87,90,2.6,"http://api.openweathermap.org/data/2.5/weather?q=fort oglethorpe,us&appid=4cc2a844092656dedc2d4db74f22bdb6"
pacific grove,us,36.62,-121.92,66.61399999999998,40,1,5.7,"http://api.openweathermap.org/data/2.5/weather?q=pacific grove,us&appid=4cc2a844092656dedc2d4db74f22bdb6"
soddy-daisy,us,35.24,-85.19,59.84600000000006,87,90,2.6,"http://api.openweathermap.org/data/2.5/weather?q=soddy-daisy,us&appid=4cc2a844092656dedc2d4db74f22bdb6"
lagos,pt,37.1,-8.67,55.39999999999992,82,20,3.6,"http://api.openweathermap.org/data/2.5/weather?q=lagos,pt&appid=4cc2a844092656dedc2d4db74f22bdb6"
crossville,us,35.95,-85.03,59.036,87,90,3.6,"http://api.openweathermap.org/data/2.5/weather?q=crossville,us&appid=4cc2a844092656dedc2d4db74f22bdb6"
raton,us,36.9,-104.44,45.55400000000003,24,90,5.7,"http://api.openweathermap.org/data/2.5/weather?q=raton,us&appid=4cc2a844092656dedc2d4db74f22bdb6"
cookeville,us,36.16,-85.5,61.79000000000002,72,20,5.7,"http://api.openweathermap.org/data/2.5/weather?q=cookeville,us&appid=4cc2a844092656dedc2d4db74f22bdb6"
half moon bay,us,37.46,-122.43,62.797999999999945,41,1,3.6,"http://api.openweathermap.org/data/2.5/weather?q=half moon bay,us&appid=4cc2a844092656dedc2d4db74f22bdb6"
tastur,tn,36.55,9.44,47.48000000000002,87,20,1.67,"http://api.openweathermap.org/data/2.5/weather?q=tastur,tn&appid=4cc2a844092656dedc2d4db74f22bdb6"
campbellsville,us,37.34,-85.34,59.16199999999998,71,90,4.1,"http://api.openweathermap.org/data/2.5/weather?q=campbellsville,us&appid=4cc2a844092656dedc2d4db74f22bdb6"
aljezur,pt,37.31,-8.8,56.69420000000008,100,24,8.67,"http://api.openweathermap.org/data/2.5/weather?q=aljezur,pt&appid=4cc2a844092656dedc2d4db74f22bdb6"
trinidad,us,37.17,-104.5,39.75799999999998,58,40,3.6,"http://api.openweathermap.org/data/2.5/weather?q=trinidad,us&appid=4cc2a844092656dedc2d4db74f22bdb6"
pacifica,us,37.61,-122.49,62.47399999999999,41,1,3.6,"http://api.openweathermap.org/data/2.5/weather?q=pacifica,us&appid=4cc2a844092656dedc2d4db74f22bdb6"
nantucket,us,41.28,-70.1,36.31999999999999,34,1,6.7,"http://api.openweathermap.org/data/2.5/weather?q=nantucket,us&appid=4cc2a844092656dedc2d4db74f22bdb6"
mill valley,us,37.91,-122.55,61.41199999999998,48,1,5.1,"http://api.openweathermap.org/data/2.5/weather?q=mill valley,us&appid=4cc2a844092656dedc2d4db74f22bdb6"
san anselmo,us,37.97,-122.56,61.627999999999986,48,1,5.1,"http://api.openweathermap.org/data/2.5/weather?q=san anselmo,us&appid=4cc2a844092656dedc2d4db74f22bdb6"
rohnert park,us,38.34,-122.7,61.321999999999946,51,1,3.1,"http://api.openweathermap.org/data/2.5/weather?q=rohnert park,us&appid=4cc2a844092656dedc2d4db74f22bdb6"
windsor,us,42.3,-83.03,39.93799999999999,44,1,5.7,"http://api.openweathermap.org/data/2.5/weather?q=windsor,us&appid=4cc2a844092656dedc2d4db74f22bdb6"
healdsburg,us,38.61,-122.87,61.537999999999954,51,1,3.1,"http://api.openweathermap.org/data/2.5/weather?q=healdsburg,us&appid=4cc2a844092656dedc2d4db74f22bdb6"
fountain,us,38.68,-104.7,41.48600000000005,38,20,6.7,"http://api.openweathermap.org/data/2.5/weather?q=fountain,us&appid=4cc2a844092656dedc2d4db74f22bdb6"
provideniya,ru,64.42,-173.23,16.914199999999994,100,80,6.97,"http://api.openweathermap.org/data/2.5/weather?q=provideniya,ru&appid=4cc2a844092656dedc2d4db74f22bdb6"
ukiah,us,39.15,-123.21,62.599999999999966,27,1,1.5,"http://api.openweathermap.org/data/2.5/weather?q=ukiah,us&appid=4cc2a844092656dedc2d4db74f22bdb6"
black forest,us,39.01,-104.7,37.94,44,1,9.3,"http://api.openweathermap.org/data/2.5/weather?q=black forest,us&appid=4cc2a844092656dedc2d4db74f22bdb6"
parker,us,39.52,-104.76,41.81000000000006,60,75,2.6,"http://api.openweathermap.org/data/2.5/weather?q=parker,us&appid=4cc2a844092656dedc2d4db74f22bdb6"
connersville,us,39.64,-85.14,57.613999999999976,26,1,5.7,"http://api.openweathermap.org/data/2.5/weather?q=connersville,us&appid=4cc2a844092656dedc2d4db74f22bdb6"
lagoa,pt,37.14,-8.45,55.39999999999992,82,20,3.6,"http://api.openweathermap.org/data/2.5/weather?q=lagoa,pt&appid=4cc2a844092656dedc2d4db74f22bdb6"
fort morgan,us,40.25,-103.8,44.88799999999998,26,40,9.8,"http://api.openweathermap.org/data/2.5/weather?q=fort morgan,us&appid=4cc2a844092656dedc2d4db74f22bdb6"
redding,us,40.59,-122.39,60.29599999999999,26,1,2.6,"http://api.openweathermap.org/data/2.5/weather?q=redding,us&appid=4cc2a844092656dedc2d4db74f22bdb6"
eureka,us,40.8,-124.16,55.39999999999992,66,1,5.1,"http://api.openweathermap.org/data/2.5/weather?q=eureka,us&appid=4cc2a844092656dedc2d4db74f22bdb6"
port hardy,ca,50.7,-127.42,46.39999999999998,65,75,2.1,"http://api.openweathermap.org/data/2.5/weather?q=port hardy,ca&appid=4cc2a844092656dedc2d4db74f22bdb6"
greeley,us,41.55,-98.53,36.71599999999995,86,90,6.2,"http://api.openweathermap.org/data/2.5/weather?q=greeley,us&appid=4cc2a844092656dedc2d4db74f22bdb6"
sitka,us,37.17,-99.65,44.454200000000014,85,92,9.62,"http://api.openweathermap.org/data/2.5/weather?q=sitka,us&appid=4cc2a844092656dedc2d4db74f22bdb6"
kodiak,us,39.95,-94.76,51.799999999999955,43,90,8.7,"http://api.openweathermap.org/data/2.5/weather?q=kodiak,us&appid=4cc2a844092656dedc2d4db74f22bdb6"
shasta lake,us,40.68,-122.36,60.33199999999994,26,1,2.6,"http://api.openweathermap.org/data/2.5/weather?q=shasta lake,us&appid=4cc2a844092656dedc2d4db74f22bdb6"
ashland,us,38.48,-82.64,63.536,27,1,3.6,"http://api.openweathermap.org/data/2.5/weather?q=ashland,us&appid=4cc2a844092656dedc2d4db74f22bdb6"
torrington,us,42.06,-104.18,42.799999999999955,48,20,7.7,"http://api.openweathermap.org/data/2.5/weather?q=torrington,us&appid=4cc2a844092656dedc2d4db74f22bdb6"
sturgis,us,44.41,-103.51,32.05400000000003,86,76,2.6,"http://api.openweathermap.org/data/2.5/weather?q=sturgis,us&appid=4cc2a844092656dedc2d4db74f22bdb6"
medford,us,42.33,-122.87,50.37800000000004,47,1,0.97,"http://api.openweathermap.org/data/2.5/weather?q=medford,us&appid=4cc2a844092656dedc2d4db74f22bdb6"
battle creek,us,42.32,-85.18,46.057999999999936,31,1,2.6,"http://api.openweathermap.org/data/2.5/weather?q=battle creek,us&appid=4cc2a844092656dedc2d4db74f22bdb6"
grants pass,us,42.44,-123.33,51.22399999999999,49,40,1.17,"http://api.openweathermap.org/data/2.5/weather?q=grants pass,us&appid=4cc2a844092656dedc2d4db74f22bdb6"
yarmouth,ca,43.84,-66.12,30.199999999999932,46,75,10.3,"http://api.openweathermap.org/data/2.5/weather?q=yarmouth,ca&appid=4cc2a844092656dedc2d4db74f22bdb6"
muros,es,42.77,-9.06,40.99999999999994,93,75,4.1,"http://api.openweathermap.org/data/2.5/weather?q=muros,es&appid=4cc2a844092656dedc2d4db74f22bdb6"
ionia,us,42.99,-85.07,41.12600000000003,44,1,7.2,"http://api.openweathermap.org/data/2.5/weather?q=ionia,us&appid=4cc2a844092656dedc2d4db74f22bdb6"
roseburg,us,43.22,-123.34,50.05400000000003,50,1,2.1,"http://api.openweathermap.org/data/2.5/weather?q=roseburg,us&appid=4cc2a844092656dedc2d4db74f22bdb6"
bastia,fr,42.7,9.45,48.36200000000002,61,0,1,"http://api.openweathermap.org/data/2.5/weather?q=bastia,fr&appid=4cc2a844092656dedc2d4db74f22bdb6"
spearfish,us,44.49,-103.86,32.34199999999993,86,76,2.6,"http://api.openweathermap.org/data/2.5/weather?q=spearfish,us&appid=4cc2a844092656dedc2d4db74f22bdb6"
big rapids,us,43.7,-85.48,38.714,35,1,3.6,"http://api.openweathermap.org/data/2.5/weather?q=big rapids,us&appid=4cc2a844092656dedc2d4db74f22bdb6"
eugene,us,44.05,-123.1,50.37800000000004,76,75,4.1,"http://api.openweathermap.org/data/2.5/weather?q=eugene,us&appid=4cc2a844092656dedc2d4db74f22bdb6"
carballo,es,43.21,-8.69,42.710000000000036,81,40,7.2,"http://api.openweathermap.org/data/2.5/weather?q=carballo,es&appid=4cc2a844092656dedc2d4db74f22bdb6"
cadillac,us,44.25,-85.4,38.51599999999996,44,1,4.1,"http://api.openweathermap.org/data/2.5/weather?q=cadillac,us&appid=4cc2a844092656dedc2d4db74f22bdb6"
sestri levante,it,44.27,9.41,48.19999999999993,61,0,3.6,"http://api.openweathermap.org/data/2.5/weather?q=sestri levante,it&appid=4cc2a844092656dedc2d4db74f22bdb6"
corvallis,us,44.56,-123.26,50.44999999999993,76,75,4.1,"http://api.openweathermap.org/data/2.5/weather?q=corvallis,us&appid=4cc2a844092656dedc2d4db74f22bdb6"
albany,us,42.65,-73.75,32.360000000000014,29,1,4.6,"http://api.openweathermap.org/data/2.5/weather?q=albany,us&appid=4cc2a844092656dedc2d4db74f22bdb6"
belle fourche,us,44.67,-103.85,32.28800000000001,86,76,2.6,"http://api.openweathermap.org/data/2.5/weather?q=belle fourche,us&appid=4cc2a844092656dedc2d4db74f22bdb6"
salem,us,44.94,-123.03,51.49400000000003,70,20,2.1,"http://api.openweathermap.org/data/2.5/weather?q=salem,us&appid=4cc2a844092656dedc2d4db74f22bdb6"
keizer,us,45,-123.02,51.476000000000056,70,20,2.1,"http://api.openweathermap.org/data/2.5/weather?q=keizer,us&appid=4cc2a844092656dedc2d4db74f22bdb6"
newberg,us,45.3,-122.97,53.14999999999992,58,40,2.6,"http://api.openweathermap.org/data/2.5/weather?q=newberg,us&appid=4cc2a844092656dedc2d4db74f22bdb6"
forest grove,us,45.52,-123.11,53.20400000000001,66,40,1.5,"http://api.openweathermap.org/data/2.5/weather?q=forest grove,us&appid=4cc2a844092656dedc2d4db74f22bdb6"
traverse city,us,44.76,-85.62,34.50200000000001,47,20,5.7,"http://api.openweathermap.org/data/2.5/weather?q=traverse city,us&appid=4cc2a844092656dedc2d4db74f22bdb6"
sault sainte marie,ca,46.49,-84.36,24.799999999999955,49,1,4.6,"http://api.openweathermap.org/data/2.5/weather?q=sault sainte marie,ca&appid=4cc2a844092656dedc2d4db74f22bdb6"
longview,us,32.5,-94.74,74.89400000000006,50,1,7.2,"http://api.openweathermap.org/data/2.5/weather?q=longview,us&appid=4cc2a844092656dedc2d4db74f22bdb6"
glendive,us,47.11,-104.71,33.69199999999995,74,90,2.87,"http://api.openweathermap.org/data/2.5/weather?q=glendive,us&appid=4cc2a844092656dedc2d4db74f22bdb6"
fredericton,ca,45.97,-66.65,27.48199999999997,46,90,7.7,"http://api.openweathermap.org/data/2.5/weather?q=fredericton,ca&appid=4cc2a844092656dedc2d4db74f22bdb6"
centralia,us,46.72,-122.96,52.448000000000036,47,1,1.52,"http://api.openweathermap.org/data/2.5/weather?q=centralia,us&appid=4cc2a844092656dedc2d4db74f22bdb6"
naron,es,43.52,-8.15,44.599999999999966,81,40,7.2,"http://api.openweathermap.org/data/2.5/weather?q=naron,es&appid=4cc2a844092656dedc2d4db74f22bdb6"
bethel,us,60.79,-161.76,30.199999999999932,86,90,9.3,"http://api.openweathermap.org/data/2.5/weather?q=bethel,us&appid=4cc2a844092656dedc2d4db74f22bdb6"
shelton,us,47.22,-123.1,52.286,47,1,1.17,"http://api.openweathermap.org/data/2.5/weather?q=shelton,us&appid=4cc2a844092656dedc2d4db74f22bdb6"
sidney,us,41.14,-102.98,41.64799999999997,69,90,8.2,"http://api.openweathermap.org/data/2.5/weather?q=sidney,us&appid=4cc2a844092656dedc2d4db74f22bdb6"
wawa,ca,47.99,-84.77,24.799999999999955,45,20,4.6,"http://api.openweathermap.org/data/2.5/weather?q=wawa,ca&appid=4cc2a844092656dedc2d4db74f22bdb6"
dalhousie,ca,48.06,-66.37,24.799999999999955,53,75,6.7,"http://api.openweathermap.org/data/2.5/weather?q=dalhousie,ca&appid=4cc2a844092656dedc2d4db74f22bdb6"
port angeles,us,48.12,-123.43,48.93799999999999,76,75,3.1,"http://api.openweathermap.org/data/2.5/weather?q=port angeles,us&appid=4cc2a844092656dedc2d4db74f22bdb6"
skibbereen,ie,51.55,-9.27,33.799999999999955,74,20,4.6,"http://api.openweathermap.org/data/2.5/weather?q=skibbereen,ie&appid=4cc2a844092656dedc2d4db74f22bdb6"
riedlingen,de,48.15,9.47,26.168000000000063,85,75,3.1,"http://api.openweathermap.org/data/2.5/weather?q=riedlingen,de&appid=4cc2a844092656dedc2d4db74f22bdb6"
victoria,ca,47.77,-53.22,26.599999999999966,86,90,8.2,"http://api.openweathermap.org/data/2.5/weather?q=victoria,ca&appid=4cc2a844092656dedc2d4db74f22bdb6"
williston,us,48.15,-103.62,32.89999999999998,74,90,1.52,"http://api.openweathermap.org/data/2.5/weather?q=williston,us&appid=4cc2a844092656dedc2d4db74f22bdb6"
manitouwadge,ca,49.12,-85.84,22.999999999999943,35,20,5.1,"http://api.openweathermap.org/data/2.5/weather?q=manitouwadge,ca&appid=4cc2a844092656dedc2d4db74f22bdb6"
vancouver,ca,49.26,-123.12,49.676000000000045,76,75,3.1,"http://api.openweathermap.org/data/2.5/weather?q=vancouver,ca&appid=4cc2a844092656dedc2d4db74f22bdb6"
weyburn,ca,49.67,-103.85,27.084199999999953,100,64,3.17,"http://api.openweathermap.org/data/2.5/weather?q=weyburn,ca&appid=4cc2a844092656dedc2d4db74f22bdb6"
hornepayne,ca,49.22,-84.78,16.194200000000023,51,0,2.57,"http://api.openweathermap.org/data/2.5/weather?q=hornepayne,ca&appid=4cc2a844092656dedc2d4db74f22bdb6"
sainte-anne-des-monts,ca,49.13,-66.49,29.334199999999953,93,88,7.07,"http://api.openweathermap.org/data/2.5/weather?q=sainte-anne-des-monts,ca&appid=4cc2a844092656dedc2d4db74f22bdb6"
walldurn,de,49.58,9.37,22.999999999999943,73,75,3.6,"http://api.openweathermap.org/data/2.5/weather?q=walldurn,de&appid=4cc2a844092656dedc2d4db74f22bdb6"
gibsons,ca,49.4,-123.51,50.05400000000003,76,75,3.1,"http://api.openweathermap.org/data/2.5/weather?q=gibsons,ca&appid=4cc2a844092656dedc2d4db74f22bdb6"
pemberton,ca,50.32,-122.8,42.799999999999955,60,90,1,"http://api.openweathermap.org/data/2.5/weather?q=pemberton,ca&appid=4cc2a844092656dedc2d4db74f22bdb6"
pilot butte,ca,50.48,-104.42,26.599999999999966,92,90,1,"http://api.openweathermap.org/data/2.5/weather?q=pilot butte,ca&appid=4cc2a844092656dedc2d4db74f22bdb6"
sept-iles,ca,50.2,-66.38,31.999999999999943,68,75,8.2,"http://api.openweathermap.org/data/2.5/weather?q=sept-iles,ca&appid=4cc2a844092656dedc2d4db74f22bdb6"
bonavista,ca,48.65,-53.11,33.11419999999998,87,76,9.72,"http://api.openweathermap.org/data/2.5/weather?q=bonavista,ca&appid=4cc2a844092656dedc2d4db74f22bdb6"
schlitz,de,50.67,9.56,24.799999999999955,68,0,3.1,"http://api.openweathermap.org/data/2.5/weather?q=schlitz,de&appid=4cc2a844092656dedc2d4db74f22bdb6"
felsberg,de,51.14,9.42,24.799999999999955,68,0,3.1,"http://api.openweathermap.org/data/2.5/weather?q=felsberg,de&appid=4cc2a844092656dedc2d4db74f22bdb6"
wynyard,ca,51.77,-104.18,24.834199999999953,100,88,3.12,"http://api.openweathermap.org/data/2.5/weather?q=wynyard,ca&appid=4cc2a844092656dedc2d4db74f22bdb6"
hofgeismar,de,51.5,9.38,25.430000000000007,62,0,1.5,"http://api.openweathermap.org/data/2.5/weather?q=hofgeismar,de&appid=4cc2a844092656dedc2d4db74f22bdb6"
williams lake,ca,52.13,-122.14,39.19999999999993,48,90,4.6,"http://api.openweathermap.org/data/2.5/weather?q=williams lake,ca&appid=4cc2a844092656dedc2d4db74f22bdb6"
bantry,ie,51.68,-9.45,37.884199999999964,100,8,6.27,"http://api.openweathermap.org/data/2.5/weather?q=bantry,ie&appid=4cc2a844092656dedc2d4db74f22bdb6"
kenmare,ie,51.88,-9.58,37.884199999999964,100,8,6.27,"http://api.openweathermap.org/data/2.5/weather?q=kenmare,ie&appid=4cc2a844092656dedc2d4db74f22bdb6"
grindavik,is,63.84,-22.43,38.13799999999998,80,90,5.1,"http://api.openweathermap.org/data/2.5/weather?q=grindavik,is&appid=4cc2a844092656dedc2d4db74f22bdb6"
quesnel,ca,52.98,-122.49,40.99999999999994,60,90,2.6,"http://api.openweathermap.org/data/2.5/weather?q=quesnel,ca&appid=4cc2a844092656dedc2d4db74f22bdb6"
melfort,ca,52.87,-104.61,21.199999999999932,62,90,1,"http://api.openweathermap.org/data/2.5/weather?q=melfort,ca&appid=4cc2a844092656dedc2d4db74f22bdb6"
kilrush,ie,51.96,-8.06,33.799999999999955,74,20,4.6,"http://api.openweathermap.org/data/2.5/weather?q=kilrush,ie&appid=4cc2a844092656dedc2d4db74f22bdb6"
nipawin,ca,53.36,-104.02,21.199999999999932,62,90,1,"http://api.openweathermap.org/data/2.5/weather?q=nipawin,ca&appid=4cc2a844092656dedc2d4db74f22bdb6"
nanortalik,gl,60.14,-45.24,33.294200000000046,92,36,10.32,"http://api.openweathermap.org/data/2.5/weather?q=nanortalik,gl&appid=4cc2a844092656dedc2d4db74f22bdb6"
prince george,ca,53.92,-122.75,39.19999999999993,64,90,5.1,"http://api.openweathermap.org/data/2.5/weather?q=prince george,ca&appid=4cc2a844092656dedc2d4db74f22bdb6"
westport,ie,53.8,-9.52,34.55420000000004,98,0,2.67,"http://api.openweathermap.org/data/2.5/weather?q=westport,ie&appid=4cc2a844092656dedc2d4db74f22bdb6"
gluckstadt,de,53.78,9.42,32.48600000000005,58,76,2.1,"http://api.openweathermap.org/data/2.5/weather?q=gluckstadt,de&appid=4cc2a844092656dedc2d4db74f22bdb6"
egvekinot,ru,66.32,-179.17,-12.425800000000038,56,36,1.37,"http://api.openweathermap.org/data/2.5/weather?q=egvekinot,ru&appid=4cc2a844092656dedc2d4db74f22bdb6"
ballina,ie,54.11,-9.15,32.03419999999994,94,0,2.92,"http://api.openweathermap.org/data/2.5/weather?q=ballina,ie&appid=4cc2a844092656dedc2d4db74f22bdb6"
rendsburg,de,54.3,9.66,36.24799999999999,93,75,4.1,"http://api.openweathermap.org/data/2.5/weather?q=rendsburg,de&appid=4cc2a844092656dedc2d4db74f22bdb6"
schleswig,de,54.52,9.57,36.98600000000005,93,88,5.1,"http://api.openweathermap.org/data/2.5/weather?q=schleswig,de&appid=4cc2a844092656dedc2d4db74f22bdb6"
mackenzie,ca,55.34,-123.09,40.99999999999994,56,90,3.1,"http://api.openweathermap.org/data/2.5/weather?q=mackenzie,ca&appid=4cc2a844092656dedc2d4db74f22bdb6"
la ronge,ca,55.1,-105.3,24.799999999999955,45,5,3.6,"http://api.openweathermap.org/data/2.5/weather?q=la ronge,ca&appid=4cc2a844092656dedc2d4db74f22bdb6"
lojt kirkeby,dk,55.08,9.47,37.38199999999995,86,75,5.7,"http://api.openweathermap.org/data/2.5/weather?q=lojt kirkeby,dk&appid=4cc2a844092656dedc2d4db74f22bdb6"
haderslev,dk,55.25,9.5,37.39999999999998,86,75,5.7,"http://api.openweathermap.org/data/2.5/weather?q=haderslev,dk&appid=4cc2a844092656dedc2d4db74f22bdb6"
killybegs,ie,54.63,-8.45,35.994200000000035,100,0,4.22,"http://api.openweathermap.org/data/2.5/weather?q=killybegs,ie&appid=4cc2a844092656dedc2d4db74f22bdb6"
haines junction,ca,60.75,-137.51,25.464200000000005,86,20,1.22,"http://api.openweathermap.org/data/2.5/weather?q=haines junction,ca&appid=4cc2a844092656dedc2d4db74f22bdb6"
jelling,dk,55.76,9.42,37.39999999999998,93,36,6.2,"http://api.openweathermap.org/data/2.5/weather?q=jelling,dk&appid=4cc2a844092656dedc2d4db74f22bdb6"
torring,dk,55.85,9.48,36.96800000000002,88,20,5.1,"http://api.openweathermap.org/data/2.5/weather?q=torring,dk&appid=4cc2a844092656dedc2d4db74f22bdb6"
virklund,dk,56.13,9.56,36.176000000000045,74,64,5.1,"http://api.openweathermap.org/data/2.5/weather?q=virklund,dk&appid=4cc2a844092656dedc2d4db74f22bdb6"
kjellerup,dk,56.29,9.44,36.39199999999994,74,64,5.1,"http://api.openweathermap.org/data/2.5/weather?q=kjellerup,dk&appid=4cc2a844092656dedc2d4db74f22bdb6"
viborg,dk,56.45,9.41,37.39999999999998,74,64,5.1,"http://api.openweathermap.org/data/2.5/weather?q=viborg,dk&appid=4cc2a844092656dedc2d4db74f22bdb6"
aars,dk,56.8,9.52,37.39999999999998,74,12,5.1,"http://api.openweathermap.org/data/2.5/weather?q=aars,dk&appid=4cc2a844092656dedc2d4db74f22bdb6"
brovst,dk,57.1,9.52,35.81420000000003,78,12,7.92,"http://api.openweathermap.org/data/2.5/weather?q=brovst,dk&appid=4cc2a844092656dedc2d4db74f22bdb6"
fort nelson,ca,58.81,-122.69,46.39999999999998,45,75,4.6,"http://api.openweathermap.org/data/2.5/weather?q=fort nelson,ca&appid=4cc2a844092656dedc2d4db74f22bdb6"
iqaluit,ca,63.75,-68.52,12.199999999999932,72,90,10.3,"http://api.openweathermap.org/data/2.5/weather?q=iqaluit,ca&appid=4cc2a844092656dedc2d4db74f22bdb6"
pandrup,dk,57.21,9.68,35.81420000000003,78,12,7.92,"http://api.openweathermap.org/data/2.5/weather?q=pandrup,dk&appid=4cc2a844092656dedc2d4db74f22bdb6"
stornoway,gb,58.21,-6.39,28.399999999999977,86,44,1,"http://api.openweathermap.org/data/2.5/weather?q=stornoway,gb&appid=4cc2a844092656dedc2d4db74f22bdb6"
qaqortoq,gl,60.72,-46.03,46.39999999999998,36,0,9.3,"http://api.openweathermap.org/data/2.5/weather?q=qaqortoq,gl&appid=4cc2a844092656dedc2d4db74f22bdb6"
risor,no,58.72,9.23,31.044200000000046,66,0,4.32,"http://api.openweathermap.org/data/2.5/weather?q=risor,no&appid=4cc2a844092656dedc2d4db74f22bdb6"
seredka,ru,58.06,38.14,27.89420000000007,90,88,6.82,"http://api.openweathermap.org/data/2.5/weather?q=seredka,ru&appid=4cc2a844092656dedc2d4db74f22bdb6"
kragero,no,58.87,9.41,33.799999999999955,47,0,6.2,"http://api.openweathermap.org/data/2.5/weather?q=kragero,no&appid=4cc2a844092656dedc2d4db74f22bdb6"
slantsy,ru,59.12,28.09,32.30420000000004,91,88,4.47,"http://api.openweathermap.org/data/2.5/weather?q=slantsy,ru&appid=4cc2a844092656dedc2d4db74f22bdb6"
herre,no,59.1,9.57,33.799999999999955,47,0,6.2,"http://api.openweathermap.org/data/2.5/weather?q=herre,no&appid=4cc2a844092656dedc2d4db74f22bdb6"
kingisepp,ru,59.38,28.61,31.85420000000005,90,88,3.87,"http://api.openweathermap.org/data/2.5/weather?q=kingisepp,ru&appid=4cc2a844092656dedc2d4db74f22bdb6"
ulefoss,no,59.29,9.26,33.799999999999955,47,0,6.2,"http://api.openweathermap.org/data/2.5/weather?q=ulefoss,no&appid=4cc2a844092656dedc2d4db74f22bdb6"
kongsberg,no,59.67,9.65,33.799999999999955,47,0,6.2,"http://api.openweathermap.org/data/2.5/weather?q=kongsberg,no&appid=4cc2a844092656dedc2d4db74f22bdb6"
primorsk,ru,60.37,28.62,28.704200000000014,85,48,3.62,"http://api.openweathermap.org/data/2.5/weather?q=primorsk,ru&appid=4cc2a844092656dedc2d4db74f22bdb6"
bagn,no,60.82,9.55,25.554200000000037,58,0,2.72,"http://api.openweathermap.org/data/2.5/weather?q=bagn,no&appid=4cc2a844092656dedc2d4db74f22bdb6"
vysotsk,ru,60.63,28.57,24.799999999999955,100,20,1,"http://api.openweathermap.org/data/2.5/weather?q=vysotsk,ru&appid=4cc2a844092656dedc2d4db74f22bdb6"
aurdal,no,60.92,9.42,21.324199999999962,71,8,3.47,"http://api.openweathermap.org/data/2.5/weather?q=aurdal,no&appid=4cc2a844092656dedc2d4db74f22bdb6"
joutseno,fi,61.11,28.48,24.799999999999955,100,20,1,"http://api.openweathermap.org/data/2.5/weather?q=joutseno,fi&appid=4cc2a844092656dedc2d4db74f22bdb6"
vinstra,no,61.6,9.73,23.484199999999987,74,68,2.57,"http://api.openweathermap.org/data/2.5/weather?q=vinstra,no&appid=4cc2a844092656dedc2d4db74f22bdb6"
otta,no,61.77,9.54,23.484199999999987,74,68,2.57,"http://api.openweathermap.org/data/2.5/weather?q=otta,no&appid=4cc2a844092656dedc2d4db74f22bdb6"
dale,no,61.36,5.4,33.170000000000016,96,12,6.2,"http://api.openweathermap.org/data/2.5/weather?q=dale,no&appid=4cc2a844092656dedc2d4db74f22bdb6"
savonlinna,fi,61.87,28.88,17.599999999999966,100,90,1.32,"http://api.openweathermap.org/data/2.5/weather?q=savonlinna,fi&appid=4cc2a844092656dedc2d4db74f22bdb6"
kharitonovo,ru,61.4,47.5,20.964200000000005,91,76,3.57,"http://api.openweathermap.org/data/2.5/weather?q=kharitonovo,ru&appid=4cc2a844092656dedc2d4db74f22bdb6"
dombas,no,62.07,9.12,22.314200000000028,73,68,2.52,"http://api.openweathermap.org/data/2.5/weather?q=dombas,no&appid=4cc2a844092656dedc2d4db74f22bdb6"
oppdal,no,62.6,9.69,21.414199999999994,87,76,3.67,"http://api.openweathermap.org/data/2.5/weather?q=oppdal,no&appid=4cc2a844092656dedc2d4db74f22bdb6"
varkaus,fi,62.32,27.87,17.599999999999966,100,90,1.32,"http://api.openweathermap.org/data/2.5/weather?q=varkaus,fi&appid=4cc2a844092656dedc2d4db74f22bdb6"
blagoyevo,ru,63.37,47.92,19.164199999999994,75,68,3.12,"http://api.openweathermap.org/data/2.5/weather?q=blagoyevo,ru&appid=4cc2a844092656dedc2d4db74f22bdb6"
paamiut,gl,61.99,-49.67,34.82419999999996,82,88,0.47,"http://api.openweathermap.org/data/2.5/weather?q=paamiut,gl&appid=4cc2a844092656dedc2d4db74f22bdb6"
norman wells,ca,65.28,-126.83,21.199999999999932,67,75,3.6,"http://api.openweathermap.org/data/2.5/weather?q=norman wells,ca&appid=4cc2a844092656dedc2d4db74f22bdb6"
brekstad,no,63.69,9.67,34.55599999999998,74,20,6.7,"http://api.openweathermap.org/data/2.5/weather?q=brekstad,no&appid=4cc2a844092656dedc2d4db74f22bdb6"
kajaani,fi,64.22,27.73,8.599999999999966,84,0,2.1,"http://api.openweathermap.org/data/2.5/weather?q=kajaani,fi&appid=4cc2a844092656dedc2d4db74f22bdb6"
andra,ru,62.52,65.89,9.984199999999987,74,68,4.07,"http://api.openweathermap.org/data/2.5/weather?q=andra,ru&appid=4cc2a844092656dedc2d4db74f22bdb6"
fairbanks,us,64.84,-147.72,30.865999999999985,68,90,6.2,"http://api.openweathermap.org/data/2.5/weather?q=fairbanks,us&appid=4cc2a844092656dedc2d4db74f22bdb6"
pangnirtung,ca,66.15,-65.72,6.7999999999999545,84,75,1.5,"http://api.openweathermap.org/data/2.5/weather?q=pangnirtung,ca&appid=4cc2a844092656dedc2d4db74f22bdb6"
olden,no,61.84,6.81,34.59199999999993,91,75,3.6,"http://api.openweathermap.org/data/2.5/weather?q=olden,no&appid=4cc2a844092656dedc2d4db74f22bdb6"
muzhi,ru,65.4,64.7,-13.505800000000022,61,64,1.62,"http://api.openweathermap.org/data/2.5/weather?q=muzhi,ru&appid=4cc2a844092656dedc2d4db74f22bdb6"
turukhansk,ru,65.8,87.96,30.864199999999983,89,88,11.22,"http://api.openweathermap.org/data/2.5/weather?q=turukhansk,ru&appid=4cc2a844092656dedc2d4db74f22bdb6"
leshukonskoye,ru,64.9,45.76,7.554200000000037,67,56,2.92,"http://api.openweathermap.org/data/2.5/weather?q=leshukonskoye,ru&appid=4cc2a844092656dedc2d4db74f22bdb6"
kuusamo,fi,65.96,29.19,8.599999999999966,84,0,1.5,"http://api.openweathermap.org/data/2.5/weather?q=kuusamo,fi&appid=4cc2a844092656dedc2d4db74f22bdb6"
nome,us,30.04,-94.42,85.55000000000001,40,1,5.7,"http://api.openweathermap.org/data/2.5/weather?q=nome,us&appid=4cc2a844092656dedc2d4db74f22bdb6"
salekhard,ru,66.54,66.62,-20.435799999999972,58,24,3.12,"http://api.openweathermap.org/data/2.5/weather?q=salekhard,ru&appid=4cc2a844092656dedc2d4db74f22bdb6"
yellowknife,ca,62.45,-114.38,28.399999999999977,54,75,1.5,"http://api.openweathermap.org/data/2.5/weather?q=yellowknife,ca&appid=4cc2a844092656dedc2d4db74f22bdb6"
vestmanna,fo,62.16,-7.17,39.19999999999993,86,88,8.7,"http://api.openweathermap.org/data/2.5/weather?q=vestmanna,fo&appid=4cc2a844092656dedc2d4db74f22bdb6"
qasigiannguit,gl,68.82,-51.19,15.799999999999955,92,0,5.1,"http://api.openweathermap.org/data/2.5/weather?q=qasigiannguit,gl&appid=4cc2a844092656dedc2d4db74f22bdb6"
rorvik,no,64.86,11.24,32.61200000000002,64,40,5.1,"http://api.openweathermap.org/data/2.5/weather?q=rorvik,no&appid=4cc2a844092656dedc2d4db74f22bdb6"
labytnangi,ru,66.66,66.39,-20.435799999999972,58,24,3.12,"http://api.openweathermap.org/data/2.5/weather?q=labytnangi,ru&appid=4cc2a844092656dedc2d4db74f22bdb6"
igarka,ru,67.47,86.57,29.78419999999994,91,88,11.92,"http://api.openweathermap.org/data/2.5/weather?q=igarka,ru&appid=4cc2a844092656dedc2d4db74f22bdb6"
tura,ru,64.27,100.22,23.39420000000007,76,20,2.67,"http://api.openweathermap.org/data/2.5/weather?q=tura,ru&appid=4cc2a844092656dedc2d4db74f22bdb6"
khatanga,ru,71.98,102.47,-19.985799999999983,58,8,6.22,"http://api.openweathermap.org/data/2.5/weather?q=khatanga,ru&appid=4cc2a844092656dedc2d4db74f22bdb6"
sorland,no,67.67,12.69,30.199999999999932,74,40,8.2,"http://api.openweathermap.org/data/2.5/weather?q=sorland,no&appid=4cc2a844092656dedc2d4db74f22bdb6"
barrow,us,39.51,-90.4,46.95799999999997,66,90,11.8,"http://api.openweathermap.org/data/2.5/weather?q=barrow,us&appid=4cc2a844092656dedc2d4db74f22bdb6"
kharp,ru,66.82,65.8,-23.765800000000013,34,32,1.62,"http://api.openweathermap.org/data/2.5/weather?q=kharp,ru&appid=4cc2a844092656dedc2d4db74f22bdb6"
ilulissat,gl,69.22,-51.1,15.799999999999955,92,0,5.1,"http://api.openweathermap.org/data/2.5/weather?q=ilulissat,gl&appid=4cc2a844092656dedc2d4db74f22bdb6"
bjornevatn,no,69.67,29.98,15.799999999999955,85,0,3.6,"http://api.openweathermap.org/data/2.5/weather?q=bjornevatn,no&appid=4cc2a844092656dedc2d4db74f22bdb6"
dudinka,ru,69.41,86.18,28.884199999999964,91,88,10.82,"http://api.openweathermap.org/data/2.5/weather?q=dudinka,ru&appid=4cc2a844092656dedc2d4db74f22bdb6"
clyde river,ca,70.47,-68.59,-13.0,69,20,4.6,"http://api.openweathermap.org/data/2.5/weather?q=clyde river,ca&appid=4cc2a844092656dedc2d4db74f22bdb6"
vadso,no,70.07,29.75,15.799999999999955,85,40,7.2,"http://api.openweathermap.org/data/2.5/weather?q=vadso,no&appid=4cc2a844092656dedc2d4db74f22bdb6"
mezen,ru,65.85,44.24,2.334199999999953,67,48,3.12,"http://api.openweathermap.org/data/2.5/weather?q=mezen,ru&appid=4cc2a844092656dedc2d4db74f22bdb6"
aklavik,ca,68.22,-135.01,6.7999999999999545,71,90,3.6,"http://api.openweathermap.org/data/2.5/weather?q=aklavik,ca&appid=4cc2a844092656dedc2d4db74f22bdb6"
berlevag,no,70.86,29.09,17.689999999999998,85,40,2.1,"http://api.openweathermap.org/data/2.5/weather?q=berlevag,no&appid=4cc2a844092656dedc2d4db74f22bdb6"
hofn,is,64.25,-15.21,39.77420000000001,90,0,7.42,"http://api.openweathermap.org/data/2.5/weather?q=hofn,is&appid=4cc2a844092656dedc2d4db74f22bdb6"
sovetskiy,ru,56.76,48.47,14.304200000000037,83,24,7.07,"http://api.openweathermap.org/data/2.5/weather?q=sovetskiy,ru&appid=4cc2a844092656dedc2d4db74f22bdb6"
zhigansk,ru,66.77,123.37,-12.785799999999995,61,24,2.27,"http://api.openweathermap.org/data/2.5/weather?q=zhigansk,ru&appid=4cc2a844092656dedc2d4db74f22bdb6"
mehamn,no,71.03,27.85,21.289999999999964,79,75,3.6,"http://api.openweathermap.org/data/2.5/weather?q=mehamn,no&appid=4cc2a844092656dedc2d4db74f22bdb6"
deputatskiy,ru,69.3,139.9,-37.80580000000003,72,8,1.22,"http://api.openweathermap.org/data/2.5/weather?q=deputatskiy,ru&appid=4cc2a844092656dedc2d4db74f22bdb6"
cherskiy,ru,68.75,161.3,-13.865799999999979,43,0,2.77,"http://api.openweathermap.org/data/2.5/weather?q=cherskiy,ru&appid=4cc2a844092656dedc2d4db74f22bdb6"
leningradskiy,ru,69.38,178.42,-6.66579999999999,90,64,2.12,"http://api.openweathermap.org/data/2.5/weather?q=leningradskiy,ru&appid=4cc2a844092656dedc2d4db74f22bdb6"
qaanaaq,gl,77.48,-69.36,-15.845800000000054,91,0,4.12,"http://api.openweathermap.org/data/2.5/weather?q=qaanaaq,gl&appid=4cc2a844092656dedc2d4db74f22bdb6"
tiksi,ru,71.64,128.87,-39.335800000000006,0,0,1.27,"http://api.openweathermap.org/data/2.5/weather?q=tiksi,ru&appid=4cc2a844092656dedc2d4db74f22bdb6"
husavik,is,66.04,-17.34,42.799999999999955,60,75,7.7,"http://api.openweathermap.org/data/2.5/weather?q=husavik,is&appid=4cc2a844092656dedc2d4db74f22bdb6"
narsaq,gl,60.91,-46.05,46.39999999999998,36,56,9.3,"http://api.openweathermap.org/data/2.5/weather?q=narsaq,gl&appid=4cc2a844092656dedc2d4db74f22bdb6"
dikson,ru,73.51,80.55,-2.345800000000054,100,68,12.17,"http://api.openweathermap.org/data/2.5/weather?q=dikson,ru&appid=4cc2a844092656dedc2d4db74f22bdb6"
tuktoyaktuk,ca,69.44,-133.03,-5.439999999999998,83,75,5.7,"http://api.openweathermap.org/data/2.5/weather?q=tuktoyaktuk,ca&appid=4cc2a844092656dedc2d4db74f22bdb6"
upernavik,gl,72.79,-56.15,-0.45580000000001064,100,12,5.37,"http://api.openweathermap.org/data/2.5/weather?q=upernavik,gl&appid=4cc2a844092656dedc2d4db74f22bdb6"
longyearbyen,sj,78.22,15.64,1.3999999999999773,59,20,6.7,"http://api.openweathermap.org/data/2.5/weather?q=longyearbyen,sj&appid=4cc2a844092656dedc2d4db74f22bdb6"
